pair_id,category,baseline_name,baseline_patch_id,baseline_card_set,baseline_class,baseline_type,baseline_rarity,baseline_mana,baseline_attack,baseline_health,baseline_tribe,baseline_text,candidate_name,candidate_patch_id,candidate_card_set,candidate_class,candidate_type,candidate_rarity,candidate_mana,candidate_attack,candidate_health,candidate_tribe,candidate_text,semantic_decision,chronology_decision,annotator,rationale,human_response,recorded_at,reason_code,ai_draft_visible,rationale_status,acquisition_review_status
P001,cross-card-same-patch,Ironbark Protector,36.4.0.250339,Legacy,DRUID,MINION,FREE,8,8,8,,<b>Taunt</b>,Star Grazer,36.4.0.250339,Great Dark Beyond,DRUID,MINION,RARE,8,8,8,BEAST,"<b>Elusive, Taunt</b> <b>Spellburst:</b> Give your hero +8 Attack this turn and gain 8 Armor.",YES,NOT_VERIFIED,user (single human reviewer),,y,2026-10-04T15:21:52.022418+00:00,,NO,NOT_SEPARATELY_RECORDED,NOT_REVIEWED
P002,cross-card-same-patch,Wildwalker,36.4.0.250339,The Grand Tournament,DRUID,MINION,COMMON,4,4,4,,<b>Battlecry:</b> Give a friendly Beast +3 Health.,Virmen Sensei,36.4.0.250339,Mean Streets of Gadgetzan,DRUID,MINION,RARE,4,4,4,,<b>Battlecry:</b> Give a friendly Beast +3/+3.,NO,NOT_VERIFIED,user (single human reviewer),,n,2026-10-04T15:22:22.732000+00:00,,NO,NOT_SEPARATELY_RECORDED,NOT_REVIEWED
P003,cross-card-same-patch,Force of Nature,36.4.0.250339,Core Hidden,DRUID,SPELL,EPIC,5,,,,Summon three 2/2 Treants.,Cosmic Phenomenon,36.4.0.250339,Great Dark Beyond,DRUID,SPELL,EPIC,5,,,,"Summon three 2/3 Elementals with <b>Taunt</b>. If your board is full, give your minions +1/+1.",NO,NOT_VERIFIED,user (single human reviewer),,n,2026-10-04T15:22:58.287488+00:00,,NO,NOT_SEPARATELY_RECORDED,NOT_REVIEWED
P005,cross-card-same-patch,Gift of the Wild,36.4.0.250339,Legacy,DRUID,SPELL,COMMON,8,,,,Give your minions +2/+2 and <b>Taunt</b>.,Drum Circle,36.4.0.250339,Festival of Legends,DRUID,SPELL,RARE,7,,,,<b>Choose One -</b> Summon five 2/2 Treants; or Give your minions +2/+4 and <b>Taunt</b>.,NO,NOT_VERIFIED,user (single human reviewer),,n,2026-10-04T15:23:50.355059+00:00,,NO,NOT_SEPARATELY_RECORDED,NOT_REVIEWED
P006,cross-card-cross-patch,Lightning Bloom,23.4.0.139963,Scholomance Academy,DRUID,SPELL,COMMON,0,,,,Gain 2 Mana Crystals this turn only. <b>Overload:</b> (2),Innervate,9.0.0.20457,Basic,DRUID,SPELL,FREE,0,,,,Gain 2 Mana Crystals this turn only.,NO,NOT_VERIFIED,user (single human reviewer),,n,2026-10-04T15:24:41.363947+00:00,,NO,NOT_SEPARATELY_RECORDED,NOT_REVIEWED
P007,cross-card-cross-patch,Wild Growth,28.6.3.195316,Core,DRUID,SPELL,COMMON,3,,,,Gain an empty Mana Crystal.,Invigorate,36.4.0.250339,Wonders,DRUID,SPELL,RARE,2,,,,<b>Choose One -</b> Gain an empty Mana Crystal; or Draw a card.,YES,NOT_VERIFIED,user (single human reviewer),,y,2026-10-04T15:25:09.002745+00:00,,NO,NOT_SEPARATELY_RECORDED,NOT_REVIEWED
P008,cross-card-same-patch,Wild Growth,36.4.0.250339,Core Hidden,DRUID,SPELL,COMMON,2,,,,Gain an empty Mana Crystal.,Invigorate,36.4.0.250339,Wonders,DRUID,SPELL,RARE,2,,,,<b>Choose One -</b> Gain an empty Mana Crystal; or Draw a card.,YES,NOT_VERIFIED,user (single human reviewer),,yyy,2026-10-04T15:26:24.510978+00:00,,NO,NOT_SEPARATELY_RECORDED,NOT_REVIEWED
P009,cross-card-cross-patch,Wild Growth,28.6.3.195316,Core,DRUID,SPELL,COMMON,3,,,,Gain an empty Mana Crystal.,Jade Blossom,36.4.0.250339,Mean Streets of Gadgetzan,DRUID,SPELL,COMMON,3,,,,Summon a <b>Jade Golem</b>. Gain an empty Mana Crystal.,YES,NOT_VERIFIED,user (single human reviewer),,yyy,2026-10-04T15:26:24.612860+00:00,,NO,NOT_SEPARATELY_RECORDED,NOT_REVIEWED
P010,cross-card-same-patch,Landscaping,36.4.0.250339,The Boomsday Project,DRUID,SPELL,COMMON,3,,,,Summon two 2/2 Treants.,Plot of Sin,36.4.0.250339,Core Hidden,DRUID,SPELL,RARE,3,,,,Summon two 2/2 Treants. <b>Infuse:</b> Two 5/5 Ancients instead.,YES,NOT_VERIFIED,user (single human reviewer),,yyy,2026-10-04T15:26:24.709352+00:00,,NO,NOT_SEPARATELY_RECORDED,NOT_REVIEWED
P012,cross-card-cross-patch,Wild Growth,28.6.3.195316,Core,DRUID,SPELL,COMMON,3,,,,Gain an empty Mana Crystal.,New Heights,36.4.0.250339,Perils in Paradise,DRUID,SPELL,EPIC,3,,,,Increase your maximum Mana by 3 and gain an empty Mana Crystal.,YES,NOT_VERIFIED,user (single human reviewer),,yyn,2026-10-04T15:27:25.422639+00:00,,NO,NOT_SEPARATELY_RECORDED,NOT_REVIEWED
P013,cross-card-cross-patch,Wild Growth,28.6.3.195316,Core,DRUID,SPELL,COMMON,3,,,,Gain an empty Mana Crystal.,Pilfered Power,36.4.0.250339,Mean Streets of Gadgetzan,DRUID,SPELL,EPIC,3,,,,Gain an empty Mana Crystal for each friendly minion.,NO,NOT_VERIFIED,user (single human reviewer),,yyn,2026-10-04T15:27:25.499520+00:00,,NO,NOT_SEPARATELY_RECORDED,NOT_REVIEWED
P014,cross-card-same-patch,Reforestation,36.4.0.250339,Into the Emerald Dream,DRUID,SPELL,EPIC,2,,,,<b>Choose One -</b> Draw a spell; or Draw a minion. <i>(Hold this for turns to do both!)</i>,Raven Idol,36.4.0.250339,Core,DRUID,SPELL,COMMON,1,,,,<b>Choose One -</b> <b>Discover</b> a minion; or <b>Discover</b> a spell.,NO,NOT_VERIFIED,user (single human reviewer),,nn1,2026-10-04T15:45:51.786174+00:00,,NO,NOT_SEPARATELY_RECORDED,NOT_REVIEWED
P015,cross-card-same-patch,Ram Wrangler,36.4.0.250339,The Grand Tournament,HUNTER,MINION,RARE,5,3,3,,"<b>Battlecry:</b> If you have a Beast, summon a random Beast.",Warsong Wrangler,36.4.0.250339,Forged in the Barrens,HUNTER,MINION,EPIC,4,3,4,,<b>Battlecry:</b> <b>Discover</b> a Beast from your deck. Give all copies of it +2/+1 <i>(wherever they are)</i>.,NO,NOT_VERIFIED,user (single human reviewer),,nn1,2026-10-04T15:45:51.889621+00:00,,NO,NOT_SEPARATELY_RECORDED,NOT_REVIEWED
P016,cross-card-same-patch,Arcane Shot,36.4.0.250339,Core,HUNTER,SPELL,RARE,1,,,,Deal 2 damage.,Overwhelm,36.4.0.250339,Scholomance Academy,HUNTER,SPELL,RARE,1,,,,Deal 2 damage to a minion. Deal one more damage for each Beast you control.,NO,NOT_VERIFIED,user (single human reviewer),,P016 should be no.,2026-10-04T15:46:23.639489+00:00,,NO,NOT_SEPARATELY_RECORDED,NOT_REVIEWED
P017,cross-card-same-patch,Evolution Chamber,36.4.0.250339,Great Dark Beyond,HUNTER,SPELL,COMMON,2,,,,Give your minions +1 Attack. Give your Zerg an extra +1/+1.,Bestial Madness,36.4.0.250339,Titans,HUNTER,SPELL,RARE,2,,,,"Give +1 Attack to all minions in your hand, deck, and battlefield.",NO,NOT_VERIFIED,user (single human reviewer),,nnn,2026-10-04T15:47:31.259514+00:00,,NO,NOT_SEPARATELY_RECORDED,NOT_REVIEWED
P018,cross-card-cross-patch,Rapid Fire,22.0.2.128654,Rise of Shadows,HUNTER,SPELL,COMMON,1,,,,<b>Twinspell</b> Deal 1 damage.,On the Hunt,36.4.0.250339,Whispers of the Old Gods,HUNTER,SPELL,COMMON,1,,,,Deal 1 damage. Summon a 1/1 Mastiff.,NO,NOT_VERIFIED,user (single human reviewer),,nnn,2026-10-04T15:47:31.365832+00:00,,NO,NOT_SEPARATELY_RECORDED,NOT_REVIEWED
P019,cross-card-same-patch,Meteorologist,36.4.0.250339,The Boomsday Project,MAGE,MINION,RARE,6,3,3,,"<b>Battlecry:</b> For each card in your hand, deal 1 damage to a random enemy.",Blastmage Miner,36.4.0.250339,Wild West,MAGE,MINION,RARE,6,4,4,,"<b>Battlecry: Excavate</b> a treasure. For each card in your hand, deal 1 damage to a random enemy.",NO,NOT_VERIFIED,user (single human reviewer),,nnn,2026-10-04T15:47:31.484912+00:00,,NO,NOT_SEPARATELY_RECORDED,NOT_REVIEWED
P020,cross-card-same-patch,Snowchugger,36.4.0.250339,Goblins vs Gnomes,MAGE,MINION,COMMON,2,2,3,MECHANICAL,<b>Freeze</b> any character damaged by this minion.,Chill-o-matic,36.4.0.250339,Titans,MAGE,MINION,COMMON,2,2,3,MECHANICAL,<b>Magnetic</b> <b>Freeze</b> any character damaged by this minion.,YES,NOT_VERIFIED,user (single human reviewer),"Matching Mana, statistics, Mech tribe, and Freeze; Magnetic adds optional attachment while standalone deployment preserves baseline use.","the human made an error, it should be power creep.",2026-10-06T18:59:45.427484+00:00,AUTHOR_CORRECTED_HUMAN_ERROR,NO,RETROSPECTIVE_AUTHOR_CORRECTION,NOT_REVIEWED
P021,cross-card-cross-patch,Magister's Apprentice,36.4.0.250339,March of the Lich King,MAGE,MINION,COMMON,2,3,2,,Your Arcane spells cost (1) less.,Sorcerer's Apprentice,22.0.2.128654,Classic,MAGE,MINION,COMMON,2,3,2,,Your spells cost (1) less.,YES,NOT_VERIFIED,user (single human reviewer),,nyn,2026-10-04T15:48:40.718771+00:00,,NO,NOT_SEPARATELY_RECORDED,NOT_REVIEWED
P022,cross-card-cross-patch,Seabreeze Chalice,31.0.0.210640,Perils in Paradise,MAGE,SPELL,COMMON,1,,,,Deal 2 damage randomly split among all enemies. <i>(3 Drinks left!)</i>,Arcane Missiles,2.3.0.8108,Basic,MAGE,SPELL,FREE,1,,,,Deal 3 damage randomly split among enemy characters.,NO,NOT_VERIFIED,user (single human reviewer),,nyn,2026-10-04T15:48:40.819760+00:00,,NO,NOT_SEPARATELY_RECORDED,NOT_REVIEWED
P023,cross-card-cross-patch,Seabreeze Chalice,31.0.0.210640,Perils in Paradise,MAGE,SPELL,COMMON,1,,,,Deal 2 damage randomly split among all enemies. <i>(3 Drinks left!)</i>,Arcane Missiles,36.4.0.250339,Legacy,MAGE,SPELL,FREE,1,,,,Deal 3 damage randomly split among all enemies.,NO,NOT_VERIFIED,user (single human reviewer),,nyy,2026-10-04T16:01:09.969565+00:00,,NO,NOT_SEPARATELY_RECORDED,NOT_REVIEWED
P024,cross-card-cross-patch,Flame Lance,27.0.3.183433,The Grand Tournament,MAGE,SPELL,COMMON,5,,,,Deal 8 damage to a minion.,Arcane Overflow,36.4.0.250339,United in Stormwind,MAGE,SPELL,RARE,5,,,,Deal 8 damage to an enemy minion. Summon a Remnant with stats equal to the excess damage.,YES,NOT_VERIFIED,user (single human reviewer),,nyy,2026-10-04T16:01:10.048820+00:00,,NO,NOT_SEPARATELY_RECORDED,NOT_REVIEWED
P025,cross-card-cross-patch,Flame Lance,27.0.3.183433,The Grand Tournament,MAGE,SPELL,COMMON,5,,,,Deal 8 damage to a minion.,Rolling Fireball,36.4.0.250339,Descent of Dragons,MAGE,SPELL,EPIC,5,,,,Deal 8 damage to a minion. Any excess damage continues to the left or right.,YES,NOT_VERIFIED,user (single human reviewer),,nyy,2026-10-04T16:01:10.175399+00:00,,NO,NOT_SEPARATELY_RECORDED,NOT_REVIEWED
P026,cross-card-cross-patch,Flame Lance,27.0.3.183433,The Grand Tournament,MAGE,SPELL,COMMON,5,,,,Deal 8 damage to a minion.,Sindragosa's Triumph,36.4.0.250339,Cataclysm,MAGE,SPELL,RARE,5,,,,Deal 8 damage to a minion. Reduce the Cost of a random card in your hand by the excess damage.,YES,NOT_VERIFIED,user (single human reviewer),,yyy,2026-10-04T16:02:12.714872+00:00,,NO,NOT_SEPARATELY_RECORDED,NOT_REVIEWED
P030,cross-card-same-patch,Tome of Intellect,36.4.0.250339,Legacy,MAGE,SPELL,COMMON,1,,,,Add a random Mage spell to your hand.,Spark of Life,36.4.0.250339,Into the Emerald Dream,MAGE,SPELL,RARE,1,,,,<b>Choose One - </b><b>Discover</b> a Mage spell; or <b>Discover</b> a Druid spell.,YES,NOT_VERIFIED,user (single human reviewer),,yyy,2026-10-04T16:06:03.570032+00:00,,NO,NOT_SEPARATELY_RECORDED,NOT_REVIEWED
P031,cross-card-same-patch,Chillwind Yeti,36.4.0.250339,Core Hidden,NEUTRAL,MINION,COMMON,4,4,5,,,Activated Golem,36.4.0.250339,Escape from Violet Hold,NEUTRAL,MINION,COMMON,4,4,5,,"At the end of each turn, gain <b>Reborn</b>.",YES,NOT_VERIFIED,user (single human reviewer),,yyy,2026-10-04T16:06:03.658272+00:00,,NO,NOT_SEPARATELY_RECORDED,NOT_REVIEWED
P032,cross-card-same-patch,Arcane Servant,36.4.0.250339,Rise of Shadows,NEUTRAL,MINION,COMMON,2,2,3,ELEMENTAL,,Amalgam of the Deep,36.4.0.250339,Voyage to the Sunken City,NEUTRAL,MINION,EPIC,2,2,3,ALL,<b>Battlecry:</b> Choose a friendly minion. <b>Discover</b> a minion of the same minion type.,YES,NOT_VERIFIED,user (single human reviewer),,yyy,2026-10-04T16:09:27.521018+00:00,,NO,NOT_SEPARATELY_RECORDED,NOT_REVIEWED
P033,cross-card-same-patch,River Crocolisk,36.4.0.250339,Core Hidden,NEUTRAL,MINION,COMMON,2,2,3,BEAST,,Amalgam of the Deep,36.4.0.250339,Voyage to the Sunken City,NEUTRAL,MINION,EPIC,2,2,3,ALL,<b>Battlecry:</b> Choose a friendly minion. <b>Discover</b> a minion of the same minion type.,YES,NOT_VERIFIED,user (single human reviewer),,yyy,2026-10-04T16:09:27.629415+00:00,,NO,NOT_SEPARATELY_RECORDED,NOT_REVIEWED
P034,cross-card-cross-patch,Sleepy Dragon,28.6.3.195316,Core,NEUTRAL,MINION,COMMON,9,4,12,DRAGON,<b>Taunt</b>,Amber Warden,36.4.0.250339,Across the Timeways,NEUTRAL,MINION,EPIC,8,4,12,DRAGON,<b>Taunt</b> <b>Deathrattle:</b> Summon a random minion from the past.,YES,NOT_VERIFIED,user (single human reviewer),,yyy,2026-10-04T16:09:27.697266+00:00,,NO,NOT_SEPARATELY_RECORDED,NOT_REVIEWED
P035,cross-card-same-patch,Scalerider,36.4.0.250339,Descent of Dragons,NEUTRAL,MINION,COMMON,3,3,3,,"<b>Battlecry:</b> If you're holding a Dragon, deal 2 damage.",Amber Whelp,36.4.0.250339,March of the Lich King,NEUTRAL,MINION,COMMON,3,3,3,DRAGON,"<b>Battlecry:</b> If you're holding a Dragon, deal 3 damage.",YES,NOT_VERIFIED,user (single human reviewer),,yyn,2026-10-04T16:11:53.009481+00:00,,NO,NOT_SEPARATELY_RECORDED,NOT_REVIEWED
P036,cross-card-same-patch,Silverback Patriarch,36.4.0.250339,Legacy,NEUTRAL,MINION,FREE,3,1,4,BEAST,<b>Taunt</b>,Ancient Stegodon,36.4.0.250339,The Shrouded City,NEUTRAL,MINION,COMMON,3,1,5,BEAST,"<b>Battlecry:</b> Choose to gain <b>Taunt</b>, <b>Poisonous</b>, or +1/+1.",YES,NOT_VERIFIED,user (single human reviewer),,yyn,2026-10-04T16:11:53.105113+00:00,,NO,NOT_SEPARATELY_RECORDED,NOT_REVIEWED
P037,cross-card-same-patch,Arcane Dynamo,36.4.0.250339,The Boomsday Project,NEUTRAL,MINION,RARE,6,3,4,,<b>Battlecry:</b> <b>Discover</b> a spell that costs (5) or more.,Ghost Writer,36.4.0.250339,Festival of Legends,NEUTRAL,MINION,COMMON,5,4,4,UNDEAD,<b>Battlecry:</b> <b>Discover</b> a spell. <b>Finale:</b> <b>Discover</b> another.,NO,NOT_VERIFIED,user (single human reviewer),,yyn,2026-10-04T16:11:53.209903+00:00,,NO,NOT_SEPARATELY_RECORDED,NOT_REVIEWED
P038,cross-card-same-patch,Arcane Servant,36.4.0.250339,Rise of Shadows,NEUTRAL,MINION,COMMON,2,2,3,ELEMENTAL,,Flame Revenant,36.4.0.250339,Titans,NEUTRAL,MINION,COMMON,2,2,3,ELEMENTAL,"After you summon an Elemental, give it +1/+1.",YES,NOT_VERIFIED,user (single human reviewer),,"yyy, next batch show somehow so dont need to scroll (2 per batcg_. also prepare a draft anwer vased on yoyr judgment",2026-10-04T20:26:27.498296+00:00,,NO,NOT_SEPARATELY_RECORDED,NOT_REVIEWED
P039,cross-card-same-patch,Archmage,36.4.0.250339,Legacy,NEUTRAL,MINION,FREE,6,4,7,,<b>Spell Damage +1</b>,Violet Warden,36.4.0.250339,Rise of Shadows,NEUTRAL,MINION,COMMON,6,4,7,,<b>Taunt</b> <b>Spell Damage +1</b>,YES,NOT_VERIFIED,user (single human reviewer),,"yyy, next batch show somehow so dont need to scroll (2 per batcg_. also prepare a draft anwer vased on yoyr judgment",2026-10-04T20:26:27.607338+00:00,,NO,NOT_SEPARATELY_RECORDED,NOT_REVIEWED
P040,cross-card-same-patch,Argent Squire,36.4.0.250339,Core Hidden,NEUTRAL,MINION,COMMON,1,1,1,,<b>Divine Shield</b>,Click-Clocker,36.4.0.250339,Voyage to the Sunken City,NEUTRAL,MINION,COMMON,1,1,1,MECHANICAL,<b>Divine Shield</b>. <b>Battlecry:</b> Give a random Mech in your hand +1/+1.,YES,NOT_VERIFIED,user (single human reviewer),,"yyy, next batch show somehow so dont need to scroll (2 per batcg_. also prepare a draft anwer vased on yoyr judgment",2026-10-04T20:26:27.679425+00:00,,NO,NOT_SEPARATELY_RECORDED,NOT_REVIEWED
P041,cross-card-same-patch,Fen Creeper,36.4.0.250339,Classic,NEUTRAL,MINION,COMMON,5,3,6,,<b>Taunt</b>,Azsharan Sentinel,36.4.0.250339,Voyage to the Sunken City,NEUTRAL,MINION,COMMON,5,5,6,,<b>Taunt</b>. <b>Deathrattle:</b> Put a 'Sunken Sentinel' on the bottom of your deck.,YES,NOT_VERIFIED,user (single human reviewer),,yy,2026-10-04T20:27:45.600697+00:00,,YES,NOT_SEPARATELY_RECORDED,NOT_REVIEWED
P042,cross-card-same-patch,Booty Bay Bodyguard,36.4.0.250339,Legacy,NEUTRAL,MINION,FREE,5,5,4,,<b>Taunt</b>,Azsharan Sentinel,36.4.0.250339,Voyage to the Sunken City,NEUTRAL,MINION,COMMON,5,5,6,,<b>Taunt</b>. <b>Deathrattle:</b> Put a 'Sunken Sentinel' on the bottom of your deck.,YES,NOT_VERIFIED,user (single human reviewer),,yy,2026-10-04T20:27:45.688560+00:00,,YES,NOT_SEPARATELY_RECORDED,NOT_REVIEWED
P043,cross-card-same-patch,Frostwolf Grunt,36.4.0.250339,Legacy,NEUTRAL,MINION,FREE,2,2,2,,<b>Taunt</b>,Barkshield Sentinel,36.4.0.250339,Into the Emerald Dream,NEUTRAL,MINION,COMMON,2,2,2,,"<b>Taunt</b> After you use your Hero Power, gain +2 Health.",YES,NOT_VERIFIED,user (single human reviewer),,yn,2026-10-04T20:28:55.746026+00:00,,YES,NOT_SEPARATELY_RECORDED,NOT_REVIEWED
P044,cross-card-same-patch,Black Market Auctioneer,36.4.0.250339,Escape from Violet Hold,NEUTRAL,MINION,EPIC,9,4,4,,"<b>Prepare</b> Whenever you cast a spell, draw a card.",Gadgetzan Auctioneer,36.4.0.250339,Core Hidden,NEUTRAL,MINION,RARE,7,4,4,,"Whenever you cast a spell, draw a card.",NO,NOT_VERIFIED,user (single human reviewer),,yn,2026-10-04T20:28:55.804204+00:00,,YES,NOT_SEPARATELY_RECORDED,NOT_REVIEWED
P045,cross-card-same-patch,Blazing Battlemage,36.4.0.250339,Descent of Dragons,NEUTRAL,MINION,COMMON,1,2,2,,,Miracle Salesman,36.4.0.250339,Wild West,NEUTRAL,MINION,COMMON,1,2,2,,<b>Deathrattle:</b> Get a <b>Tradeable</b> Snake Oil.,YES,NOT_VERIFIED,user (single human reviewer),,yy,2026-10-04T20:29:29.699406+00:00,,YES,NOT_SEPARATELY_RECORDED,NOT_REVIEWED
P046,cross-card-same-patch,Bloodfen Raptor,36.4.0.250339,Legacy,NEUTRAL,MINION,FREE,2,3,2,BEAST,,Huge Toad,36.4.0.250339,The League of Explorers,NEUTRAL,MINION,COMMON,2,3,2,BEAST,<b>Deathrattle:</b> Deal 1 damage to a random enemy.,YES,NOT_VERIFIED,user (single human reviewer),,yy,2026-10-04T20:29:29.774750+00:00,,YES,NOT_SEPARATELY_RECORDED,NOT_REVIEWED
P047,cross-card-same-patch,Frostwolf Grunt,36.4.0.250339,Legacy,NEUTRAL,MINION,FREE,2,2,2,,<b>Taunt</b>,Bonechewer Brawler,36.4.0.250339,Ashes of Outland,NEUTRAL,MINION,COMMON,2,2,3,,"<b>Taunt</b> Whenever this minion takes damage, gain +2 Attack.",YES,NOT_VERIFIED,user (single human reviewer),,yy,2026-10-04T20:30:02.824834+00:00,,YES,NOT_SEPARATELY_RECORDED,NOT_REVIEWED
P048,cross-card-same-patch,Booty Bay Bodyguard,36.4.0.250339,Legacy,NEUTRAL,MINION,FREE,5,5,4,,<b>Taunt</b>,Evil Heckler,36.4.0.250339,The Grand Tournament,NEUTRAL,MINION,COMMON,4,5,4,,<b>Taunt</b>,YES,NOT_VERIFIED,user (single human reviewer),,yy,2026-10-04T20:30:02.913906+00:00,,YES,NOT_SEPARATELY_RECORDED,NOT_REVIEWED
P049,cross-card-same-patch,Boulderfist Ogre,36.4.0.250339,Core,NEUTRAL,MINION,COMMON,6,6,7,,,Package Dealer,36.4.0.250339,Perils in Paradise,NEUTRAL,MINION,RARE,6,6,7,,"After you draw a card, 50% chance to draw another.",YES,NOT_VERIFIED,user (single human reviewer),,yy,2026-10-04T20:30:45.374162+00:00,,YES,NOT_SEPARATELY_RECORDED,NOT_REVIEWED
P050,cross-card-same-patch,Squirming Tentacle,36.4.0.250339,Whispers of the Old Gods,NEUTRAL,MINION,COMMON,3,2,4,,<b>Taunt</b>,Bronze Gatekeeper,36.4.0.250339,The Boomsday Project,NEUTRAL,MINION,COMMON,3,2,5,MECHANICAL,<b>Magnetic</b> <b>Taunt</b>,YES,NOT_VERIFIED,user (single human reviewer),,yy,2026-10-04T20:30:45.433376+00:00,,YES,NOT_SEPARATELY_RECORDED,NOT_REVIEWED
P051,cross-card-same-patch,Stormpike Commando,36.4.0.250339,Legacy,NEUTRAL,MINION,FREE,5,4,2,,<b>Battlecry:</b> Deal 2 damage.,Burrowing Scorpid,36.4.0.250339,Ashes of Outland,NEUTRAL,MINION,COMMON,4,5,2,BEAST,"<b>Battlecry:</b> Deal 2 damage. If that kills the target, gain <b>Stealth</b>.",YES,NOT_VERIFIED,user (single human reviewer),,yy,2026-10-04T20:31:56.521545+00:00,,YES,NOT_SEPARATELY_RECORDED,NOT_REVIEWED
P052,cross-card-same-patch,Silvermoon Guardian,36.4.0.250339,Classic,NEUTRAL,MINION,COMMON,4,3,3,,<b>Divine Shield</b>,Candleraiser,36.4.0.250339,Festival of Legends,NEUTRAL,MINION,COMMON,4,3,3,,<b>Divine Shield</b> <b>Finale:</b> Give adjacent minions <b>Divine Shield</b>.,YES,NOT_VERIFIED,user (single human reviewer),,yy,2026-10-04T20:31:56.581646+00:00,,YES,NOT_SEPARATELY_RECORDED,NOT_REVIEWED
P053,cross-card-same-patch,Chillwind Yeti,36.4.0.250339,Core Hidden,NEUTRAL,MINION,COMMON,4,4,5,,,Circus Amalgam,36.4.0.250339,Madness at the Darkmoon Faire,NEUTRAL,MINION,COMMON,4,4,5,ALL,<b>Taunt</b> <i>This has all minion types.</i>,YES,NOT_VERIFIED,user (single human reviewer),,yy,2026-10-04T20:34:19.087695+00:00,,YES,NOT_SEPARATELY_RECORDED,NOT_REVIEWED
P054,cross-card-same-patch,Chillwind Yeti,36.4.0.250339,Core Hidden,NEUTRAL,MINION,COMMON,4,4,5,,,Illusory Greenwing,36.4.0.250339,Into the Emerald Dream,NEUTRAL,MINION,RARE,4,4,5,DRAGON,<b>Taunt</b>. <b>Deathrattle:</b> Shuffle two 4/5 Dragons with <b>Taunt</b> into your deck. They're <b>Summoned When Drawn</b>.,NO,NOT_VERIFIED,user (single human reviewer),,"wait. previous is yn, current is yy",2026-10-04T20:35:18.564774+00:00,,YES,NOT_SEPARATELY_RECORDED,NOT_REVIEWED
P055,cross-card-cross-patch,Chillwind Yeti,36.4.0.250339,Core Hidden,NEUTRAL,MINION,COMMON,4,4,5,,,Ice Revenant,25.6.2.170126,Fractured in Alterac Valley,NEUTRAL,MINION,COMMON,4,4,5,ELEMENTAL,"Whenever you cast a Frost spell, gain +1/+1.",YES,NOT_VERIFIED,user (single human reviewer),,"wait. previous is yn, current is yy",2026-10-04T20:35:18.640310+00:00,,YES,NOT_SEPARATELY_RECORDED,NOT_REVIEWED
P056,cross-card-cross-patch,Chillwind Yeti,36.4.0.250339,Core Hidden,NEUTRAL,MINION,COMMON,4,4,5,,,Gear Grubber,22.4.3.133122,Fractured in Alterac Valley,NEUTRAL,MINION,RARE,4,4,5,,"<b>Taunt</b>. If you end your turn with any unspent mana, reduce this card's Cost by (1).",YES,NOT_VERIFIED,user (single human reviewer),,"wait. previous is yn, current is yy",2026-10-04T20:35:18.712538+00:00,,YES,NOT_SEPARATELY_RECORDED,NOT_REVIEWED
P057,cross-card-same-patch,Chillwind Yeti,36.4.0.250339,Core Hidden,NEUTRAL,MINION,COMMON,4,4,5,,,Worgen Greaser,36.4.0.250339,Mean Streets of Gadgetzan,NEUTRAL,MINION,COMMON,4,6,5,,,YES,NOT_VERIFIED,user (single human reviewer),,yy,2026-10-04T20:36:49.029930+00:00,,YES,NOT_SEPARATELY_RECORDED,NOT_REVIEWED
P058,cross-card-same-patch,Chillwind Yeti,36.4.0.250339,Core Hidden,NEUTRAL,MINION,COMMON,4,4,5,,,Time-Lost Protodrake,36.4.0.250339,Titans,NEUTRAL,MINION,COMMON,4,4,5,DRAGON,"<b>Taunt</b> When you draw this, add a random Dragon to your hand.",YES,NOT_VERIFIED,user (single human reviewer),,yy,2026-10-04T20:36:49.103580+00:00,,YES,NOT_SEPARATELY_RECORDED,NOT_REVIEWED
P059,cross-card-same-patch,Chillwind Yeti,36.4.0.250339,Core Hidden,NEUTRAL,MINION,COMMON,4,4,5,,,Dispossessed Soul,36.4.0.250339,Core Hidden,NEUTRAL,MINION,RARE,4,4,5,UNDEAD,"<b>Battlecry:</b> If you control a location, <b>Discover</b> a copy of a card in your deck.",YES,NOT_VERIFIED,user (single human reviewer),,yy,2026-10-04T20:41:22.283567+00:00,,YES,NOT_SEPARATELY_RECORDED,NOT_REVIEWED
P060,cross-card-same-patch,Sen'jin Shieldmasta,36.4.0.250339,Core,NEUTRAL,MINION,COMMON,4,3,5,,<b>Taunt</b>,Circus Amalgam,36.4.0.250339,Madness at the Darkmoon Faire,NEUTRAL,MINION,COMMON,4,4,5,ALL,<b>Taunt</b> <i>This has all minion types.</i>,YES,NOT_VERIFIED,user (single human reviewer),,yy,2026-10-04T20:41:22.385980+00:00,,YES,NOT_SEPARATELY_RECORDED,NOT_REVIEWED
P061,cross-card-same-patch,Lost Tallstrider,36.4.0.250339,Goblins vs Gnomes,NEUTRAL,MINION,COMMON,4,5,4,BEAST,,Coilfang Constrictor,36.4.0.250339,Voyage to the Sunken City,NEUTRAL,MINION,RARE,4,5,4,BEAST,<b>Battlecry:</b> Look at 3 cards in your opponent's hand and choose one. It can't be played next turn.,YES,NOT_VERIFIED,user (single human reviewer),,yn,2026-10-04T20:42:26.216550+00:00,,YES,NOT_SEPARATELY_RECORDED,NOT_REVIEWED
P062,cross-card-same-patch,War Golem,36.4.0.250339,Legacy,NEUTRAL,MINION,FREE,7,7,7,,,Conflux Crasher,36.4.0.250339,Across the Timeways,NEUTRAL,MINION,EPIC,7,7,7,DRAGON,<b>Rewind</b> <b>Battlecry:</b> Deal 7 damage to a random enemy.,NO,NOT_VERIFIED,user (single human reviewer),,yn,2026-10-04T20:42:26.277031+00:00,,YES,NOT_SEPARATELY_RECORDED,NOT_REVIEWED
P063,cross-card-same-patch,Lost Tallstrider,36.4.0.250339,Goblins vs Gnomes,NEUTRAL,MINION,COMMON,4,5,4,BEAST,,Crater Gator,36.4.0.250339,The Shrouded City,NEUTRAL,MINION,COMMON,4,5,4,BEAST,"<b>Battlecry:</b> Until the start of your next turn, the enemy hero can't be healed.",YES,NOT_VERIFIED,user (single human reviewer),,yy,2026-10-04T21:33:31.387656+00:00,,YES,NOT_SEPARATELY_RECORDED,NOT_REVIEWED
P064,cross-card-same-patch,Fen Creeper,36.4.0.250339,Classic,NEUTRAL,MINION,COMMON,5,3,6,,<b>Taunt</b>,Crazed Worshipper,36.4.0.250339,Whispers of the Old Gods,NEUTRAL,MINION,EPIC,4,3,6,,"<b>Taunt</b> Whenever this minion takes damage, give your C'Thun +1/+1 <i>(wherever it is).</i>",YES,NOT_VERIFIED,user (single human reviewer),,yy,2026-10-04T21:33:31.449596+00:00,,YES,NOT_SEPARATELY_RECORDED,NOT_REVIEWED
P065,cross-card-same-patch,Sen'jin Shieldmasta,36.4.0.250339,Core,NEUTRAL,MINION,COMMON,4,3,5,,<b>Taunt</b>,Crazed Worshipper,36.4.0.250339,Whispers of the Old Gods,NEUTRAL,MINION,EPIC,4,3,6,,"<b>Taunt</b> Whenever this minion takes damage, give your C'Thun +1/+1 <i>(wherever it is).</i>",YES,NOT_VERIFIED,user (single human reviewer),,yy,2026-10-04T21:55:05.455411+00:00,,YES,NOT_SEPARATELY_RECORDED,NOT_REVIEWED
P066,cross-card-same-patch,Frostwolf Grunt,36.4.0.250339,Legacy,NEUTRAL,MINION,FREE,2,2,2,,<b>Taunt</b>,Crystal Welder,36.4.0.250339,Great Dark Beyond,NEUTRAL,MINION,COMMON,2,2,3,,"<b>Taunt</b> <b>Battlecry:</b> If you're building a <b>Starship</b>, gain +2/+2.",YES,NOT_VERIFIED,user (single human reviewer),,yy,2026-10-04T21:55:05.516235+00:00,,YES,NOT_SEPARATELY_RECORDED,NOT_REVIEWED
P067,cross-card-same-patch,Scarlet Crusader,36.4.0.250339,Classic,NEUTRAL,MINION,COMMON,3,3,1,,<b>Divine Shield</b>,Darkmoon Dirigible,36.4.0.250339,Madness at the Darkmoon Faire,NEUTRAL,MINION,COMMON,3,3,2,MECHANICAL,<b>Divine Shield</b> <b>Corrupt:</b> Gain <b>Rush</b>.,YES,NOT_VERIFIED,user (single human reviewer),,yy,2026-10-04T21:56:33.136478+00:00,,YES,NOT_SEPARATELY_RECORDED,NOT_REVIEWED
P068,cross-card-same-patch,Squirming Tentacle,36.4.0.250339,Whispers of the Old Gods,NEUTRAL,MINION,COMMON,3,2,4,,<b>Taunt</b>,Death's Head Cultist,36.4.0.250339,Forged in the Barrens,NEUTRAL,MINION,COMMON,3,2,4,QUILBOAR,<b>Taunt</b> <b>Deathrattle:</b> Restore 4 Health to your hero.,YES,NOT_VERIFIED,user (single human reviewer),,yy,2026-10-04T21:56:33.194630+00:00,,YES,NOT_SEPARATELY_RECORDED,NOT_REVIEWED
P069,cross-card-cross-patch,Scarlet Crusader,36.4.0.250339,Classic,NEUTRAL,MINION,COMMON,3,3,1,,<b>Divine Shield</b>,Dimensional Core,31.0.0.210640,Great Dark Beyond,NEUTRAL,MINION,COMMON,3,3,2,,<b>Divine Shield</b> <b>Starship Piece</b>,YES,NOT_VERIFIED,user (single human reviewer),,yy,2026-10-04T22:05:13.603543+00:00,,YES,NOT_SEPARATELY_RECORDED,NOT_REVIEWED
P070,cross-card-same-patch,Ironforge Rifleman,36.4.0.250339,Legacy,NEUTRAL,MINION,FREE,3,2,2,,<b>Battlecry:</b> Deal 1 damage.,Disciple of C'Thun,36.4.0.250339,Whispers of the Old Gods,NEUTRAL,MINION,RARE,3,2,2,,<b>Battlecry:</b> Deal 2 damage. Give your C'Thun +2/+2 <i>(wherever it is)</i>.,YES,NOT_VERIFIED,user (single human reviewer),,yy,2026-10-04T22:05:13.671048+00:00,,YES,NOT_SEPARATELY_RECORDED,NOT_REVIEWED
P071,cross-card-cross-patch,Elven Archer,36.4.0.250339,Core,NEUTRAL,MINION,COMMON,1,1,1,,<b>Battlecry:</b> Deal 1 damage.,Pen Flinger,20.0.0.77662,Scholomance Academy,NEUTRAL,MINION,COMMON,1,1,1,,<b>Battlecry:</b> Deal 1 damage. <b>Spellburst:</b> Return this to your hand.,YES,NOT_VERIFIED,user (single human reviewer),,yy,2026-10-04T22:06:14.540401+00:00,,YES,NOT_SEPARATELY_RECORDED,NOT_REVIEWED
P072,cross-card-same-patch,Frostwolf Grunt,36.4.0.250339,Legacy,NEUTRAL,MINION,FREE,2,2,2,,<b>Taunt</b>,Encumbered Pack Mule,36.4.0.250339,United in Stormwind,NEUTRAL,MINION,RARE,2,2,3,BEAST,"<b>Taunt</b> When you draw this, add a copy of it to your hand.",YES,NOT_VERIFIED,user (single human reviewer),,yy,2026-10-04T22:06:14.599344+00:00,,YES,NOT_SEPARATELY_RECORDED,NOT_REVIEWED
P073,cross-card-same-patch,River Crocolisk,36.4.0.250339,Core Hidden,NEUTRAL,MINION,COMMON,2,2,3,BEAST,,Encumbered Pack Mule,36.4.0.250339,United in Stormwind,NEUTRAL,MINION,RARE,2,2,3,BEAST,"<b>Taunt</b> When you draw this, add a copy of it to your hand.",YES,NOT_VERIFIED,user (single human reviewer),,yn,2026-10-04T22:14:50.632413+00:00,,YES,NOT_SEPARATELY_RECORDED,NOT_REVIEWED
P074,cross-card-same-patch,Tunneling Geomancer,36.4.0.250339,Event,NEUTRAL,MINION,EPIC,3,2,3,,<b>Prepare</b> <b>Spell Damage +1</b>,Ethereal Oracle,36.4.0.250339,Great Dark Beyond,NEUTRAL,MINION,COMMON,3,2,3,,<b>Spell Damage +1</b> <b><b>Spellburst</b>:</b> Draw 2 spells.,NO,NOT_VERIFIED,user (single human reviewer),,yn,2026-10-04T22:14:50.690069+00:00,,YES,NOT_SEPARATELY_RECORDED,NOT_REVIEWED
P075,cross-card-same-patch,War Golem,36.4.0.250339,Legacy,NEUTRAL,MINION,FREE,7,7,7,,,Evasive Drakonid,36.4.0.250339,Descent of Dragons,NEUTRAL,MINION,COMMON,7,7,7,DRAGON,<b>Taunt</b> <b>Elusive</b>,YES,NOT_VERIFIED,user (single human reviewer),,yy,2026-10-05T07:09:27.340556+00:00,,YES,NOT_SEPARATELY_RECORDED,NOT_REVIEWED
P076,cross-card-same-patch,Evolved Kobold,36.4.0.250339,Whispers of the Old Gods,NEUTRAL,MINION,COMMON,4,2,2,,<b>Spell Damage +2</b>,Guild Trader,36.4.0.250339,United in Stormwind,NEUTRAL,MINION,COMMON,4,3,4,,<b>Tradeable</b> <b>Spell Damage +2</b>,YES,NOT_VERIFIED,user (single human reviewer),,yy,2026-10-05T07:09:27.416765+00:00,,YES,NOT_SEPARATELY_RECORDED,NOT_REVIEWED
P077,cross-card-same-patch,Faceless Behemoth,36.4.0.250339,Whispers of the Old Gods,NEUTRAL,MINION,COMMON,10,10,10,,,Living Monument,36.4.0.250339,Saviours of Uldum,NEUTRAL,MINION,COMMON,10,10,10,,<b>Taunt</b>,YES,NOT_VERIFIED,user (single human reviewer),,yyy,2026-10-05T07:14:06.318435+00:00,,YES,NOT_SEPARATELY_RECORDED,NOT_REVIEWED
P078,cross-card-same-patch,Faceless Lurker,36.4.0.250339,Saviours of Uldum,NEUTRAL,MINION,COMMON,5,3,3,,<b>Taunt</b> <b>Battlecry:</b> Double this minion's Health.,Soldier of the Bronze,36.4.0.250339,Across the Timeways,NEUTRAL,MINION,RARE,5,5,3,DRAGON,<b>Taunt</b> <b>Battlecry:</b> Double this minion's Health.,YES,NOT_VERIFIED,user (single human reviewer),,yyy,2026-10-05T07:14:06.387873+00:00,,YES,NOT_SEPARATELY_RECORDED,NOT_REVIEWED
P079,cross-card-cross-patch,Worgen Greaser,22.6.0.134558,Mean Streets of Gadgetzan,NEUTRAL,MINION,COMMON,4,6,3,,,Fading Memory,36.4.0.250339,Across the Timeways,NEUTRAL,MINION,COMMON,4,6,3,UNDEAD,<b>Deathrattle:</b> Get a random 5-Cost minion from the past.,YES,NOT_VERIFIED,user (single human reviewer),,yyy,2026-10-05T07:14:06.454132+00:00,,YES,NOT_SEPARATELY_RECORDED,NOT_REVIEWED
P080,cross-card-same-patch,Grook Fu Master,36.4.0.250339,Mean Streets of Gadgetzan,NEUTRAL,MINION,COMMON,5,3,5,,<b>Windfury</b>,Fantastic Firebird,36.4.0.250339,Madness at the Darkmoon Faire,NEUTRAL,MINION,COMMON,4,3,5,ELEMENTAL,<b>Windfury</b>,YES,NOT_VERIFIED,user (single human reviewer),,yyy,2026-10-05T07:14:53.624705+00:00,,YES,NOT_SEPARATELY_RECORDED,NOT_REVIEWED
P081,cross-card-same-patch,Fen Creeper,36.4.0.250339,Classic,NEUTRAL,MINION,COMMON,5,3,6,,<b>Taunt</b>,Rotten Applebaum,36.4.0.250339,Core Hidden,NEUTRAL,MINION,COMMON,5,4,6,UNDEAD,<b>Taunt</b> <b>Deathrattle:</b> Restore 6 Health to your hero.,YES,NOT_VERIFIED,user (single human reviewer),,yyy,2026-10-05T07:14:53.691669+00:00,,YES,NOT_SEPARATELY_RECORDED,NOT_REVIEWED
P082,cross-card-same-patch,Fen Creeper,36.4.0.250339,Classic,NEUTRAL,MINION,COMMON,5,3,6,,<b>Taunt</b>,Gold Road Grunt,36.4.0.250339,Forged in the Barrens,NEUTRAL,MINION,COMMON,5,3,7,,<b>Taunt</b> <b>Frenzy:</b> Gain Armor equal to the damage taken.,YES,NOT_VERIFIED,user (single human reviewer),,yyy,2026-10-05T07:14:53.757206+00:00,,YES,NOT_SEPARATELY_RECORDED,NOT_REVIEWED
P083,cross-card-same-patch,Fen Creeper,36.4.0.250339,Classic,NEUTRAL,MINION,COMMON,5,3,6,,<b>Taunt</b>,Sludge Belcher,36.4.0.250339,Curse of Naxxramas,NEUTRAL,MINION,RARE,5,3,6,UNDEAD,<b>Taunt</b> <b>Deathrattle:</b> Summon a 1/2 Slime with <b>Taunt</b>.,YES,NOT_VERIFIED,user (single human reviewer),,yyy,2026-10-05T07:15:55.727743+00:00,,YES,NOT_SEPARATELY_RECORDED,NOT_REVIEWED
P084,cross-card-same-patch,Squirming Tentacle,36.4.0.250339,Whispers of the Old Gods,NEUTRAL,MINION,COMMON,3,2,4,,<b>Taunt</b>,Festival Security,36.4.0.250339,Festival of Legends,NEUTRAL,MINION,RARE,3,2,5,,<b>Taunt</b> <b>Finale:</b> Force all enemy minions to attack this.,YES,NOT_VERIFIED,user (single human reviewer),,yyy,2026-10-05T07:15:55.796296+00:00,,YES,NOT_SEPARATELY_RECORDED,NOT_REVIEWED
P085,cross-card-same-patch,Silvermoon Guardian,36.4.0.250339,Classic,NEUTRAL,MINION,COMMON,4,3,3,,<b>Divine Shield</b>,Flutterwing Guardian,36.4.0.250339,Into the Emerald Dream,NEUTRAL,MINION,COMMON,4,4,4,,"<b><b>Taunt</b>, Divine Shield</b> <b>Battlecry:</b> <b>Imbue</b> your Hero Power.",YES,NOT_VERIFIED,user (single human reviewer),,yyy,2026-10-05T07:15:55.861783+00:00,,YES,NOT_SEPARATELY_RECORDED,NOT_REVIEWED
P086,cross-card-same-patch,Frostwolf Grunt,36.4.0.250339,Legacy,NEUTRAL,MINION,FREE,2,2,2,,<b>Taunt</b>,Priest of the Deceased,36.4.0.250339,Core Hidden,NEUTRAL,MINION,COMMON,2,2,3,,<b>Taunt</b> <b>Infuse:</b> Gain +2/+2.,YES,NOT_VERIFIED,user (single human reviewer),,yyy,2026-10-05T07:17:29.087046+00:00,,YES,NOT_SEPARATELY_RECORDED,NOT_REVIEWED
P087,cross-card-same-patch,Frostwolf Grunt,36.4.0.250339,Legacy,NEUTRAL,MINION,FREE,2,2,2,,<b>Taunt</b>,Pompous Thespian,36.4.0.250339,One Night in Karazhan,NEUTRAL,MINION,COMMON,2,3,2,,<b>Taunt</b>,YES,NOT_VERIFIED,user (single human reviewer),,yyy,2026-10-05T07:17:29.155095+00:00,,YES,NOT_SEPARATELY_RECORDED,NOT_REVIEWED
P088,cross-card-same-patch,Frostwolf Grunt,36.4.0.250339,Legacy,NEUTRAL,MINION,FREE,2,2,2,,<b>Taunt</b>,Toad of the Wilds,36.4.0.250339,Forged in the Barrens,NEUTRAL,MINION,COMMON,2,2,2,BEAST,"<b>Taunt</b> <b>Battlecry:</b> If you're holding a Nature spell, gain +2 Health.",YES,NOT_VERIFIED,user (single human reviewer),,yyy,2026-10-05T07:17:29.221388+00:00,,YES,NOT_SEPARATELY_RECORDED,NOT_REVIEWED
P089,cross-card-same-patch,Twisted Worgen,36.4.0.250339,Whispers of the Old Gods,NEUTRAL,MINION,COMMON,2,3,1,,<b>Stealth</b>,Gankster,36.4.0.250339,Fractured in Alterac Valley,NEUTRAL,MINION,COMMON,2,4,2,,"<b>Stealth</b> After your opponent plays a minion, attack it.",YES,NOT_VERIFIED,user (single human reviewer),,yyy,2026-10-05T07:18:33.630886+00:00,,YES,NOT_SEPARATELY_RECORDED,NOT_REVIEWED
P090,cross-card-same-patch,Sen'jin Shieldmasta,36.4.0.250339,Core,NEUTRAL,MINION,COMMON,4,3,5,,<b>Taunt</b>,Gear Grubber,36.4.0.250339,Fractured in Alterac Valley,NEUTRAL,MINION,RARE,4,4,5,DRAENEI,"<b>Taunt</b>. If you end your turn with any unspent Mana, reduce this card's Cost by (1).",YES,NOT_VERIFIED,user (single human reviewer),,yyy,2026-10-05T07:18:33.698229+00:00,,YES,NOT_SEPARATELY_RECORDED,NOT_REVIEWED
P091,cross-card-same-patch,Lost Tallstrider,36.4.0.250339,Goblins vs Gnomes,NEUTRAL,MINION,COMMON,4,5,4,BEAST,,Gentle Megasaur,36.4.0.250339,Journey to Un'Goro,NEUTRAL,MINION,EPIC,4,5,4,BEAST,<b>Battlecry:</b> <b>Adapt</b> your Murlocs.,YES,NOT_VERIFIED,user (single human reviewer),,yyy,2026-10-05T07:18:33.769143+00:00,,YES,NOT_SEPARATELY_RECORDED,NOT_REVIEWED
P092,cross-card-cross-patch,Giant Mastodon,27.4.2.186852,Journey to Un'Goro,NEUTRAL,MINION,COMMON,9,6,10,BEAST,<b>Taunt</b>,Meadowstrider,36.4.0.250339,Into the Emerald Dream,NEUTRAL,MINION,COMMON,8,6,11,BEAST,<b>Taunt</b>. <b>Deathrattle:</b> Put a Meadowstrider on the bottom of your deck. It costs (1).,YES,NOT_VERIFIED,user (single human reviewer),,yyy,2026-10-05T07:20:07.725660+00:00,,YES,NOT_SEPARATELY_RECORDED,NOT_REVIEWED
P093,cross-card-same-patch,River Crocolisk,36.4.0.250339,Core Hidden,NEUTRAL,MINION,COMMON,2,2,3,BEAST,,Golakka Crawler,36.4.0.250339,Journey to Un'Goro,NEUTRAL,MINION,RARE,2,2,3,BEAST,<b>Battlecry:</b> Destroy a Pirate and gain +1/+1.,YES,NOT_VERIFIED,user (single human reviewer),,yyy,2026-10-05T07:20:07.796328+00:00,,YES,NOT_SEPARATELY_RECORDED,NOT_REVIEWED
P094,cross-card-same-patch,Spider Tank,36.4.0.250339,Core Hidden,NEUTRAL,MINION,COMMON,3,3,4,MECHANICAL,,Gorillabot A-3,36.4.0.250339,Core,NEUTRAL,MINION,COMMON,3,3,4,MECHANICAL,"<b>Battlecry:</b> If you control another Mech, <b>Discover</b> a Mech.",YES,NOT_VERIFIED,user (single human reviewer),,yyy,2026-10-05T07:20:07.861579+00:00,,YES,NOT_SEPARATELY_RECORDED,NOT_REVIEWED
P095,cross-card-same-patch,Windfury Harpy,36.4.0.250339,Classic,NEUTRAL,MINION,COMMON,6,4,5,,<b>Windfury</b>,Gyrocopter,36.4.0.250339,Descent of Dragons,NEUTRAL,MINION,COMMON,6,4,5,MECHANICAL,<b>Rush</b> <b>Windfury</b>,YES,NOT_VERIFIED,user (single human reviewer),,yyy,2026-10-05T07:28:13.122398+00:00,,YES,NOT_SEPARATELY_RECORDED,NOT_REVIEWED
P096,cross-card-same-patch,Stegodon,36.4.0.250339,Journey to Un'Goro,NEUTRAL,MINION,COMMON,4,2,6,BEAST,<b>Taunt</b>,Hippogryph,36.4.0.250339,Descent of Dragons,NEUTRAL,MINION,COMMON,4,2,6,BEAST,<b>Rush</b> <b>Taunt</b>,YES,NOT_VERIFIED,user (single human reviewer),,yyy,2026-10-05T07:28:13.190617+00:00,,YES,NOT_SEPARATELY_RECORDED,NOT_REVIEWED
P097,cross-card-same-patch,Magma Rager,36.4.0.250339,Legacy,NEUTRAL,MINION,FREE,3,5,1,ELEMENTAL,,Ice Rager,36.4.0.250339,The Grand Tournament,NEUTRAL,MINION,COMMON,3,5,2,ELEMENTAL,,YES,NOT_VERIFIED,user (single human reviewer),,yyy,2026-10-05T07:28:13.256843+00:00,,YES,NOT_SEPARATELY_RECORDED,NOT_REVIEWED
P098,cross-card-same-patch,Sen'jin Shieldmasta,36.4.0.250339,Core,NEUTRAL,MINION,COMMON,4,3,5,,<b>Taunt</b>,Illusory Greenwing,36.4.0.250339,Into the Emerald Dream,NEUTRAL,MINION,RARE,4,4,5,DRAGON,<b>Taunt</b>. <b>Deathrattle:</b> Shuffle two 4/5 Dragons with <b>Taunt</b> into your deck. They're <b>Summoned When Drawn</b>.,YES,NOT_VERIFIED,user (single human reviewer),,yyn,2026-10-05T07:44:03.192544+00:00,,YES,NOT_SEPARATELY_RECORDED,NOT_REVIEWED
P099,cross-card-same-patch,Kobold Geomancer,36.4.0.250339,Core Hidden,NEUTRAL,MINION,COMMON,2,2,2,,<b>Spell Damage +1</b>,Rainbow Glowscale,36.4.0.250339,Voyage to the Sunken City,NEUTRAL,MINION,COMMON,2,2,3,NAGA,<b>Spell Damage +1</b>,YES,NOT_VERIFIED,user (single human reviewer),,yyn,2026-10-05T07:44:03.280989+00:00,,YES,NOT_SEPARATELY_RECORDED,NOT_REVIEWED
P100,cross-card-same-patch,Microtech Controller,36.4.0.250339,The Boomsday Project,NEUTRAL,MINION,COMMON,3,2,1,,<b>Battlecry:</b> Summon two 1/1 Microbots.,Living Paradox,36.4.0.250339,Across the Timeways,NEUTRAL,MINION,COMMON,3,2,1,,<b>Elusive</b> <b>Battlecry:</b> Summon two 2/1 Living Paradoxes with <b>Elusive</b>.,NO,NOT_VERIFIED,user (single human reviewer),,yyn,2026-10-05T07:44:03.347636+00:00,,YES,NOT_SEPARATELY_RECORDED,NOT_REVIEWED
P101,cross-card-same-patch,Lord of the Arena,36.4.0.250339,Legacy,NEUTRAL,MINION,FREE,6,6,5,,<b>Taunt</b>,Time Machine,36.4.0.250339,Across the Timeways,NEUTRAL,MINION,COMMON,6,6,6,MECHANICAL,<b>Taunt</b> <b>Deathrattle:</b> Get a random <b>Rewind</b> card.,YES,NOT_VERIFIED,user (single human reviewer),,yyy,2026-10-05T09:13:08.414419+00:00,,YES,NOT_SEPARATELY_RECORDED,NOT_REVIEWED
P102,cross-card-same-patch,Puddlestomper,36.4.0.250339,Goblins vs Gnomes,NEUTRAL,MINION,COMMON,2,3,2,MURLOC,,Lushwater Murcenary,36.4.0.250339,Forged in the Barrens,NEUTRAL,MINION,COMMON,2,3,2,MURLOC,"<b>Battlecry:</b> If you control a Murloc, gain +1/+1.",YES,NOT_VERIFIED,user (single human reviewer),,yyy,2026-10-05T09:13:08.513942+00:00,,YES,NOT_SEPARATELY_RECORDED,NOT_REVIEWED
P103,cross-card-same-patch,Magma Rager,36.4.0.250339,Legacy,NEUTRAL,MINION,FREE,3,5,1,ELEMENTAL,,Rock Rager,36.4.0.250339,Madness at the Darkmoon Faire,NEUTRAL,MINION,COMMON,2,5,1,ELEMENTAL,<b>Taunt</b>,YES,NOT_VERIFIED,user (single human reviewer),,yyy,2026-10-05T09:13:08.598962+00:00,,YES,NOT_SEPARATELY_RECORDED,NOT_REVIEWED
P104,cross-card-same-patch,River Crocolisk,36.4.0.250339,Core Hidden,NEUTRAL,MINION,COMMON,2,2,3,BEAST,,Manafeeder Panthara,36.4.0.250339,Scholomance Academy,NEUTRAL,MINION,COMMON,2,2,3,BEAST,"<b>Battlecry:</b> If you've used your Hero Power this turn, draw a card.",YES,NOT_VERIFIED,user (single human reviewer),,yyy,2026-10-05T09:18:00.424046+00:00,,YES,NOT_SEPARATELY_RECORDED,NOT_REVIEWED
P105,cross-card-cross-patch,River Crocolisk,36.4.0.250339,Core Hidden,NEUTRAL,MINION,COMMON,2,2,3,BEAST,,Oasis Thrasher,23.4.3.141643,Forged in the Barrens,NEUTRAL,MINION,COMMON,2,2,3,BEAST,<b>Frenzy:</b> Deal 3 damage to the enemy Hero.,YES,NOT_VERIFIED,user (single human reviewer),,yyy,2026-10-05T09:18:00.516330+00:00,,YES,NOT_SEPARATELY_RECORDED,NOT_REVIEWED
P106,cross-card-cross-patch,River Crocolisk,36.4.0.250339,Core Hidden,NEUTRAL,MINION,COMMON,2,2,3,BEAST,,Party Animal,27.2.2.185054,Festival of Legends,NEUTRAL,MINION,COMMON,2,2,3,BEAST,<b>Battlecry:</b> Give +1/+1 to a minion of each type in your hand.,YES,NOT_VERIFIED,user (single human reviewer),,yyy,2026-10-05T09:18:00.582132+00:00,,YES,NOT_SEPARATELY_RECORDED,NOT_REVIEWED
P107,cross-card-same-patch,Squirming Tentacle,36.4.0.250339,Whispers of the Old Gods,NEUTRAL,MINION,COMMON,3,2,4,,<b>Taunt</b>,Perplexing Anomaly,36.4.0.250339,Great Dark Beyond,NEUTRAL,MINION,RARE,3,2,5,ELEMENTAL,"<b>Rush</b>, <b>Taunt</b>, <b>...<b>Stealth</b>?</b>",YES,NOT_VERIFIED,user (single human reviewer),,yyy,2026-10-05T09:28:50.232807+00:00,,YES,NOT_SEPARATELY_RECORDED,NOT_REVIEWED
P108,cross-card-same-patch,Squirming Tentacle,36.4.0.250339,Whispers of the Old Gods,NEUTRAL,MINION,COMMON,3,2,4,,<b>Taunt</b>,Phantom Militia,36.4.0.250339,The Witchwood,NEUTRAL,MINION,RARE,3,2,4,UNDEAD,<b>Echo</b> <b>Taunt</b>,YES,NOT_VERIFIED,user (single human reviewer),,yyy,2026-10-05T09:28:50.304306+00:00,,YES,NOT_SEPARATELY_RECORDED,NOT_REVIEWED
P109,cross-card-same-patch,Pit Fighter,36.4.0.250339,The Grand Tournament,NEUTRAL,MINION,COMMON,5,5,6,,,Razormane Raider,36.4.0.250339,Forged in the Barrens,NEUTRAL,MINION,COMMON,5,5,6,QUILBOAR,<b>Frenzy:</b> Attack a random enemy.,YES,NOT_VERIFIED,user (single human reviewer),,yyy,2026-10-05T09:28:50.369708+00:00,,YES,NOT_SEPARATELY_RECORDED,NOT_REVIEWED
P110,cross-card-same-patch,River Crocolisk,36.4.0.250339,Core Hidden,NEUTRAL,MINION,COMMON,2,2,3,BEAST,,Plated Beetle,36.4.0.250339,Core,NEUTRAL,MINION,COMMON,2,2,3,BEAST,<b>Deathrattle:</b> Gain 3 Armor.,YES,NOT_VERIFIED,user (single human reviewer),,yyn,2026-10-05T09:31:49.457104+00:00,,YES,NOT_SEPARATELY_RECORDED,NOT_REVIEWED
P111,cross-card-same-patch,Puddlestomper,36.4.0.250339,Goblins vs Gnomes,NEUTRAL,MINION,COMMON,2,3,2,MURLOC,,Primalfin Lookout,36.4.0.250339,Journey to Un'Goro,NEUTRAL,MINION,COMMON,2,3,2,MURLOC,"<b>Battlecry:</b> If you control another Murloc, <b>Discover</b> a Murloc.",YES,NOT_VERIFIED,user (single human reviewer),,yyn,2026-10-05T09:31:49.524945+00:00,,YES,NOT_SEPARATELY_RECORDED,NOT_REVIEWED
P112,cross-card-same-patch,Tunneling Geomancer,36.4.0.250339,Event,NEUTRAL,MINION,EPIC,3,2,3,,<b>Prepare</b> <b>Spell Damage +1</b>,Rainbow Glowscale,36.4.0.250339,Voyage to the Sunken City,NEUTRAL,MINION,COMMON,2,2,3,NAGA,<b>Spell Damage +1</b>,NO,NOT_VERIFIED,user (single human reviewer),,yyn,2026-10-05T09:31:49.590295+00:00,,YES,NOT_SEPARATELY_RECORDED,NOT_REVIEWED
P113,cross-card-same-patch,Spellbreaker,36.4.0.250339,Classic,NEUTRAL,MINION,COMMON,4,4,3,,<b>Battlecry:</b> <b>Silence</b> a minion.,Royal Librarian,36.4.0.250339,Core,NEUTRAL,MINION,COMMON,4,4,4,,<b>Tradeable</b> <b>Battlecry:</b> <b>Silence</b> a minion.,YES,NOT_VERIFIED,user (single human reviewer),,yyy,2026-10-05T10:09:23.769727+00:00,,YES,NOT_SEPARATELY_RECORDED,NOT_REVIEWED
P114,cross-card-same-patch,Sen'jin Shieldmasta,36.4.0.250339,Core,NEUTRAL,MINION,COMMON,4,3,5,,<b>Taunt</b>,Saronite Tol'vir,36.4.0.250339,Titans,NEUTRAL,MINION,COMMON,4,3,5,,"<b>Taunt</b> Whenever this is attacked, draw a card.",YES,NOT_VERIFIED,user (single human reviewer),,yyy,2026-10-05T10:09:23.858811+00:00,,YES,NOT_SEPARATELY_RECORDED,NOT_REVIEWED
P115,cross-card-same-patch,Scarlet Crusader,36.4.0.250339,Classic,NEUTRAL,MINION,COMMON,3,3,1,,<b>Divine Shield</b>,Whelp of the Bronze,36.4.0.250339,Across the Timeways,NEUTRAL,MINION,COMMON,3,4,1,DRAGON,<b>Lifesteal</b> <b>Divine Shield</b>,YES,NOT_VERIFIED,user (single human reviewer),,yyy,2026-10-05T10:09:23.926025+00:00,,YES,NOT_SEPARATELY_RECORDED,NOT_REVIEWED
P116,cross-card-same-patch,Sen'jin Shieldmasta,36.4.0.250339,Core,NEUTRAL,MINION,COMMON,4,3,5,,<b>Taunt</b>,Time-Lost Protodrake,36.4.0.250339,Titans,NEUTRAL,MINION,COMMON,4,4,5,DRAGON,"<b>Taunt</b> When you draw this, add a random Dragon to your hand.",YES,NOT_VERIFIED,user (single human reviewer),,yyy,2026-10-05T10:22:10.687702+00:00,,YES,NOT_SEPARATELY_RECORDED,NOT_REVIEWED
P117,cross-card-same-patch,Squirming Tentacle,36.4.0.250339,Whispers of the Old Gods,NEUTRAL,MINION,COMMON,3,2,4,,<b>Taunt</b>,Silvermoon Sentinel,36.4.0.250339,March of the Lich King,NEUTRAL,MINION,COMMON,3,2,5,,<b>Taunt</b> <b>Manathirst:</b> Gain +2/+2 and <b>Divine Shield</b>.,YES,NOT_VERIFIED,user (single human reviewer),,yyy,2026-10-05T10:22:10.758141+00:00,,YES,NOT_SEPARATELY_RECORDED,NOT_REVIEWED
P118,cross-card-same-patch,Twisted Worgen,36.4.0.250339,Whispers of the Old Gods,NEUTRAL,MINION,COMMON,2,3,1,,<b>Stealth</b>,Sneaky Delinquent,36.4.0.250339,Scholomance Academy,NEUTRAL,MINION,COMMON,2,3,1,,<b>Stealth</b>. <b>Deathrattle:</b> Add a 3/1 Ghost with <b>Stealth</b> to your hand.,YES,NOT_VERIFIED,user (single human reviewer),,yyy,2026-10-05T10:22:10.822571+00:00,,YES,NOT_SEPARATELY_RECORDED,NOT_REVIEWED
P119,cross-card-same-patch,Twisted Worgen,36.4.0.250339,Whispers of the Old Gods,NEUTRAL,MINION,COMMON,2,3,1,,<b>Stealth</b>,Sneaky Scout,36.4.0.250339,Fractured in Alterac Valley,NEUTRAL,MINION,COMMON,2,3,2,,<b>Stealth</b> <b>Honorable Kill:</b> Your next Hero Power costs (0).,YES,NOT_VERIFIED,user (single human reviewer),,yyy,2026-10-05T10:24:32.775693+00:00,,YES,NOT_SEPARATELY_RECORDED,NOT_REVIEWED
P120,cross-card-same-patch,War Golem,36.4.0.250339,Legacy,NEUTRAL,MINION,FREE,7,7,7,,,Stormwind Champion,36.4.0.250339,Core,NEUTRAL,MINION,COMMON,7,7,7,,Your other minions have +1/+1.,YES,NOT_VERIFIED,user (single human reviewer),,yyy,2026-10-05T10:24:32.844917+00:00,,YES,NOT_SEPARATELY_RECORDED,NOT_REVIEWED
P121,cross-card-same-patch,Tauren Warrior,36.4.0.250339,Classic,NEUTRAL,MINION,COMMON,3,2,3,,<b>Taunt</b> Has +3 Attack while damaged.,Undercover Cultist,36.4.0.250339,The Shrouded City,NEUTRAL,MINION,COMMON,3,2,3,,"<b>Taunt</b>, <b>Reborn</b> Has +3 Attack while damaged.",YES,NOT_VERIFIED,user (single human reviewer),,yyy,2026-10-05T10:24:32.910431+00:00,,YES,NOT_SEPARATELY_RECORDED,NOT_REVIEWED
P122,cross-card-same-patch,Subdue,36.4.0.250339,Saviours of Uldum,PALADIN,SPELL,COMMON,2,,,,Set a minion's Attack and Health to 1.,Dark Conviction,36.4.0.250339,Core Hidden,PALADIN,SPELL,COMMON,2,,,,Set a minion's Attack and Health to 3.,NO,NOT_VERIFIED,user (single human reviewer),,nyy,2026-10-05T10:26:46.850945+00:00,,YES,NOT_SEPARATELY_RECORDED,NOT_REVIEWED
P123,cross-card-same-patch,Divine Strength,36.4.0.250339,Whispers of the Old Gods,PALADIN,SPELL,COMMON,1,,,,Give a minion +1/+2.,Sand Breath,36.4.0.250339,Descent of Dragons,PALADIN,SPELL,COMMON,1,,,,Give a minion +1/+2. Give it <b>Divine Shield</b> if you're holding a Dragon.,YES,NOT_VERIFIED,user (single human reviewer),,nyy,2026-10-05T10:26:46.920090+00:00,,YES,NOT_SEPARATELY_RECORDED,NOT_REVIEWED
P124,cross-card-cross-patch,Righteousness,36.4.0.250339,Legacy,PALADIN,SPELL,RARE,5,,,,Give your minions <b>Divine Shield</b>.,Flight Maneuvers,35.2.2.240818,Cataclysm,PALADIN,SPELL,EPIC,4,,,,<b>Shatter</b> Summon two 4/2 Drakes. Give your minions +1/+1 and <b>Divine Shield</b>.,YES,NOT_VERIFIED,user (single human reviewer),,nyy,2026-10-05T10:26:46.986758+00:00,,YES,NOT_SEPARATELY_RECORDED,NOT_REVIEWED
P125,cross-card-same-patch,Teamwork,36.4.0.250339,Cataclysm,PALADIN,SPELL,RARE,4,,,,Summon and get four Silver Hand Recruits.,Stand Against Darkness,36.4.0.250339,Core Hidden,PALADIN,SPELL,COMMON,4,,,,Summon five Silver Hand Recruits.,NO,NOT_VERIFIED,user (single human reviewer),,"nyy. By the way, add the Binding Heal vs Radiance as an example of debatable power creep to the paper.",2026-10-05T10:44:14.721168+00:00,,YES,NOT_SEPARATELY_RECORDED,NOT_REVIEWED
P126,cross-card-same-patch,Acolyte of Agony,36.4.0.250339,Core Hidden,PRIEST,MINION,COMMON,3,3,3,UNDEAD,<b>Lifesteal</b>,Injured Attendant,36.4.0.250339,Cataclysm,PRIEST,MINION,RARE,3,3,8,UNDEAD,<b><b>Lifesteal</b> Battlecry:</b> Deal 4 damage to this minion.,YES,NOT_VERIFIED,user (single human reviewer),,"nyy. By the way, add the Binding Heal vs Radiance as an example of debatable power creep to the paper.",2026-10-05T10:44:14.811414+00:00,,YES,NOT_SEPARATELY_RECORDED,NOT_REVIEWED
P127,cross-card-same-patch,Radiance,36.4.0.250339,Legacy,PRIEST,SPELL,FREE,1,,,,Restore 5 Health to your hero.,Binding Heal,36.4.0.250339,Journey to Un'Goro,PRIEST,SPELL,COMMON,1,,,,Restore 5 Health to a minion and your hero.,YES,NOT_VERIFIED,user (single human reviewer),Author restores ordinary-use interpretation: same Mana and hero-healing amount plus minion healing; mandatory target and healing-conversion counterexamples remain disclosed boundary limitations.,keep it as improvement.,2026-10-07T09:48:07.552767+00:00,AUTHOR_RESTORED_ORDINARY_USE,YES,RETROSPECTIVE_AUTHOR_CORRECTION,NOT_REVIEWED
P128,cross-card-cross-patch,Convert,27.0.3.183433,The Grand Tournament,PRIEST,SPELL,RARE,2,,,,Put a copy of an enemy minion into your hand.,Seance,36.4.0.250339,Rastakhan's Rumble,PRIEST,SPELL,COMMON,2,,,,Choose a minion. Add a copy of it to your hand.,YES,NOT_VERIFIED,user (single human reviewer),,"Y Y (but inverse), Y",2026-10-05T10:47:38.704262+00:00,,YES,NOT_SEPARATELY_RECORDED,NOT_REVIEWED
P129,cross-card-cross-patch,Nightshade Tea,30.0.0.204283,Perils in Paradise,PRIEST,SPELL,RARE,2,,,,Deal 3 damage to a minion. Deal 2 damage to your hero. <i>(3 Drinks left!)</i>,Holy Smite,36.4.0.250339,Core,PRIEST,SPELL,COMMON,1,,,,Deal 3 damage to a minion.,NO,NOT_VERIFIED,user (single human reviewer),,"Y Y (but inverse), Y",2026-10-05T10:47:38.773770+00:00,REVERSE_ONLY,YES,NOT_SEPARATELY_RECORDED,NOT_REVIEWED
P130,cross-card-same-patch,Seance,36.4.0.250339,Rastakhan's Rumble,PRIEST,SPELL,COMMON,2,,,,Choose a minion. Add a copy of it to your hand.,Power Chord: Synchronize,36.4.0.250339,Festival of Legends,PRIEST,SPELL,COMMON,2,,,,Choose a minion. Add a copy of it to your hand. <b>Finale:</b> Give both +1/+2.,YES,NOT_VERIFIED,user (single human reviewer),,"Y Y (but inverse), Y",2026-10-05T10:47:38.841932+00:00,,YES,NOT_SEPARATELY_RECORDED,NOT_REVIEWED
P131,cross-card-same-patch,Power Word: Tentacles,36.4.0.250339,Whispers of the Old Gods,PRIEST,SPELL,COMMON,5,,,,Give a minion +2/+6.,Power Infusion,36.4.0.250339,Core Hidden,PRIEST,SPELL,COMMON,4,,,,Give a minion +2/+6.,YES,NOT_VERIFIED,user (single human reviewer),,yyy,2026-10-05T10:53:25.383274+00:00,,YES,NOT_SEPARATELY_RECORDED,NOT_REVIEWED
P132,cross-card-same-patch,Psyche Split,36.4.0.250339,Ashes of Outland,PRIEST,SPELL,RARE,5,,,,Give a minion +1/+2. Summon a copy of it.,Schism,36.4.0.250339,Cataclysm,PRIEST,SPELL,RARE,4,,,,<b>Shatter</b> Give a friendly minion +2/+3 and <b>Elusive</b>. Summon a copy of it.,YES,NOT_VERIFIED,user (single human reviewer),,yyy,2026-10-05T10:53:25.468248+00:00,,YES,NOT_SEPARATELY_RECORDED,NOT_REVIEWED
P133,cross-card-same-patch,Shadow Word: Pain,36.4.0.250339,Core Hidden,PRIEST,SPELL,COMMON,2,,,,Destroy a minion with 3 or less Attack.,Twilight Influence,36.4.0.250339,Into the Emerald Dream,PRIEST,SPELL,RARE,2,,,,<b>Choose One -</b> Destroy a minion with 3 or less Attack; or Summon a random 2-Cost minion.,YES,NOT_VERIFIED,user (single human reviewer),,yyy,2026-10-05T10:53:25.568771+00:00,,YES,NOT_SEPARATELY_RECORDED,NOT_REVIEWED
P136,cross-card-cross-patch,Pilfer,14.4.4.31353,Classic,ROGUE,SPELL,COMMON,1,,,,Add a random card to your hand <i>(from your opponent's class)</i>.,Hallucination,31.2.2.213852,Journey to Un'Goro,ROGUE,SPELL,COMMON,1,,,,<b>Discover</b> a card from your opponent's class.,YES,NOT_VERIFIED,user (single human reviewer),,yyy,2026-10-05T11:06:58.761330+00:00,,YES,NOT_SEPARATELY_RECORDED,NOT_REVIEWED
P137,cross-card-cross-patch,Pilfer,14.4.4.31353,Classic,ROGUE,SPELL,COMMON,1,,,,Add a random card to your hand <i>(from your opponent's class)</i>.,Spore Hallucination,36.4.0.250339,Journey to Un'Goro,ROGUE,SPELL,COMMON,1,,,,<b>Discover</b> a card from your opponent's class.,YES,NOT_VERIFIED,user (single human reviewer),,yny,2026-10-05T11:11:32.706539+00:00,,YES,NOT_SEPARATELY_RECORDED,NOT_REVIEWED
P138,cross-card-cross-patch,Altered Chord,26.0.2.172421,Festival of Legends,SHAMAN,SPELL,RARE,5,,,,<b>Lifesteal</b> Deal 5 damage to a minion. Costs (3) less if you're <b>Overloaded</b>.,Tidal Surge,36.4.0.250339,Core Hidden,SHAMAN,SPELL,COMMON,3,,,,<b>Lifesteal</b> Deal 5 damage to a minion.,NO,NOT_VERIFIED,user (single human reviewer),,yny,2026-10-05T11:11:32.808068+00:00,,YES,NOT_SEPARATELY_RECORDED,NOT_REVIEWED
P139,cross-card-cross-patch,Tidal Surge,20.2.0.81706,Core,SHAMAN,SPELL,COMMON,4,,,,<b>Lifesteal</b> Deal 4 damage to a minion.,Dehydrate,36.4.0.250339,Wild West,SHAMAN,SPELL,COMMON,3,,,,<b>Lifesteal</b>. Deal 4 damage to a minion. <b>Quickdraw:</b> Costs (1).,YES,NOT_VERIFIED,user (single human reviewer),,yny,2026-10-05T11:11:32.906344+00:00,,YES,NOT_SEPARATELY_RECORDED,NOT_REVIEWED
P140,cross-card-cross-patch,Tidal Surge,27.4.2.186852,Core Hidden,SHAMAN,SPELL,COMMON,3,,,,<b>Lifesteal</b> Deal 4 damage to a minion.,Dehydrate,36.4.0.250339,Wild West,SHAMAN,SPELL,COMMON,3,,,,<b>Lifesteal</b>. Deal 4 damage to a minion. <b>Quickdraw:</b> Costs (1).,YES,NOT_VERIFIED,user (single human reviewer),,ynn,2026-10-05T11:18:57.584558+00:00,,YES,NOT_SEPARATELY_RECORDED,NOT_REVIEWED
P141,cross-card-cross-patch,Torrent,17.2.0.47374,Ashes of Outland,SHAMAN,SPELL,RARE,5,,,,Deal 8 damage to a minion. Costs (3) less if you cast a spell last turn.,Digging Straight Down,36.4.0.250339,Wild West,SHAMAN,SPELL,COMMON,4,,,,Deal 8 damage to a minion. <b>Excavate</b> a treasure.,NO,NOT_VERIFIED,user (single human reviewer),,ynn,2026-10-05T11:18:57.664327+00:00,,YES,NOT_SEPARATELY_RECORDED,NOT_REVIEWED
P142,cross-card-cross-patch,Malted Magma,34.6.2.236529,Perils in Paradise,SHAMAN,SPELL,COMMON,2,,,,Deal 1 damage to all enemy minions. <i>(3 Drinks left!)</i>,Landslide,36.4.0.250339,Madness at the Darkmoon Faire,SHAMAN,SPELL,RARE,2,,,,"Deal 1 damage to all enemy minions. If you're <b>Overloaded</b>, deal 1 damage again.",NO,NOT_VERIFIED,user (single human reviewer),,ynn,2026-10-05T11:18:57.752008+00:00,,YES,NOT_SEPARATELY_RECORDED,NOT_REVIEWED
P143,cross-card-cross-patch,Malted Magma,34.6.2.236529,Perils in Paradise,SHAMAN,SPELL,COMMON,2,,,,Deal 1 damage to all enemy minions. <i>(3 Drinks left!)</i>,Maelstrom Portal,36.4.0.250339,Core Hidden,SHAMAN,SPELL,RARE,2,,,,Deal 1 damage to all enemy minions. Summon a random 1-Cost minion.,NO,NOT_VERIFIED,user (single human reviewer),,nny,2026-10-05T15:12:20.583213+00:00,,YES,NOT_SEPARATELY_RECORDED,NOT_REVIEWED
P144,cross-card-same-patch,"""Health"" Drink",36.4.0.250339,Perils in Paradise,WARLOCK,SPELL,RARE,3,,,,<b>Lifesteal</b>. Deal 3 damage to a minion. <i>(3 Drinks left!)</i>,Drain Soul,36.4.0.250339,Core,WARLOCK,SPELL,COMMON,2,,,,<b>Lifesteal</b> Deal 3 damage to a minion.,NO,NOT_VERIFIED,user (single human reviewer),,nny,2026-10-05T15:12:20.736830+00:00,,YES,NOT_SEPARATELY_RECORDED,NOT_REVIEWED
P145,cross-card-same-patch,Call of the Void,36.4.0.250339,Legacy,WARLOCK,SPELL,COMMON,1,,,,Add a random Demon to your hand.,Abduction Ray,36.4.0.250339,Great Dark Beyond,WARLOCK,SPELL,COMMON,1,,,,Get a random Demon. Reduce its Cost by (2). Repeatable this turn.,YES,NOT_VERIFIED,user (single human reviewer),,nny,2026-10-05T15:12:20.845116+00:00,,YES,NOT_SEPARATELY_RECORDED,NOT_REVIEWED
P146,cross-card-cross-patch,Twisting Nether,28.6.3.195316,Core,WARLOCK,SPELL,EPIC,8,,,,Destroy all minions.,Annihilation,36.4.0.250339,Escape from Violet Hold,WARLOCK,SPELL,RARE,8,,,,Destroy all minions. Summon any Demons in the bottom 3 cards of your deck.,YES,NOT_VERIFIED,user (single human reviewer),,yyy,2026-10-05T15:13:48.521385+00:00,,YES,NOT_SEPARATELY_RECORDED,NOT_REVIEWED
P147,cross-card-same-patch,Call of the Void,36.4.0.250339,Legacy,WARLOCK,SPELL,COMMON,1,,,,Add a random Demon to your hand.,Demonic Studies,36.4.0.250339,Core Hidden,WARLOCK,SPELL,COMMON,1,,,,<b>Discover</b> a Demon. Your next one costs (1) less.,YES,NOT_VERIFIED,user (single human reviewer),,yyy,2026-10-05T15:13:48.626096+00:00,,YES,NOT_SEPARATELY_RECORDED,NOT_REVIEWED
P148,cross-card-cross-patch,Execute,22.6.0.134558,Core,WARRIOR,SPELL,COMMON,2,,,,Destroy a damaged enemy minion.,Blast Charge,36.4.0.250339,Wild West,WARRIOR,SPELL,RARE,2,,,,Destroy a damaged enemy minion. <b>Excavate</b> a treasure.,YES,NOT_VERIFIED,user (single human reviewer),,yyy,2026-10-05T15:13:48.715908+00:00,,YES,NOT_SEPARATELY_RECORDED,NOT_REVIEWED
P149,cross-card-same-patch,Devastate,36.4.0.250339,Rastakhan's Rumble,WARRIOR,SPELL,COMMON,1,,,,Deal 4 damage to a damaged minion.,Torch,36.4.0.250339,Cataclysm,WARRIOR,SPELL,RARE,1,,,,Deal 8 damage to a damaged minion. Return this to hand with any excess damage.,YES,NOT_VERIFIED,user (single human reviewer),,yyy,2026-10-05T15:21:08.827675+00:00,,YES,NOT_SEPARATELY_RECORDED,NOT_REVIEWED
P150,cross-card-cross-patch,I Know a Guy,27.0.3.183433,Mean Streets of Gadgetzan,WARRIOR,SPELL,COMMON,1,,,,<b>Discover</b> a <b>Taunt</b> minion.,Training Session,36.4.0.250339,March of the Lich King,WARRIOR,SPELL,RARE,1,,,,"<b>Discover</b> a <b>Taunt</b> minion. If you play it this turn, repeat this.",YES,NOT_VERIFIED,user (single human reviewer),,yyy,2026-10-05T15:21:08.939067+00:00,,YES,NOT_SEPARATELY_RECORDED,NOT_REVIEWED
P151,cross-card-same-patch,Fen Creeper,36.4.0.250339,Classic,NEUTRAL,MINION,COMMON,5,3,6,,<b>Taunt</b>,Endtime Survivor,36.4.0.250339,Across the Timeways,,MINION,COMMON,5,5,6,,"<b>Taunt</b>. <b>Battlecry:</b> If your hero took damage this turn, gain +3/+3.",YES,NOT_VERIFIED,user (single human reviewer),,yyy,2026-10-05T15:21:09.042232+00:00,,YES,NOT_SEPARATELY_RECORDED,NOT_REVIEWED
P152,cross-card-same-patch,Pit Fighter,36.4.0.250339,The Grand Tournament,NEUTRAL,MINION,COMMON,5,5,6,,,Endtime Survivor,36.4.0.250339,Across the Timeways,,MINION,COMMON,5,5,6,,"<b>Taunt</b>. <b>Battlecry:</b> If your hero took damage this turn, gain +3/+3.",YES,NOT_VERIFIED,user (single human reviewer),,y,2026-10-05T15:33:58.065777+00:00,,YES,NOT_SEPARATELY_RECORDED,NOT_REVIEWED
