pair_id,category,baseline_name,baseline_patch_id,baseline_card_set,baseline_class,baseline_type,baseline_rarity,baseline_mana,baseline_attack,baseline_health,baseline_tribe,baseline_text,candidate_name,candidate_patch_id,candidate_card_set,candidate_class,candidate_type,candidate_rarity,candidate_mana,candidate_attack,candidate_health,candidate_tribe,candidate_text,semantic_decision,chronology_decision,annotator,rationale
P001,cross-card-same-patch,Ironbark Protector,36.4.0.250339,Legacy,DRUID,MINION,FREE,8,8,8,,<b>Taunt</b>,Star Grazer,36.4.0.250339,Great Dark Beyond,DRUID,MINION,RARE,8,8,8,BEAST,"<b>Elusive, Taunt</b> <b>Spellburst:</b> Give your hero +8 Attack this turn and gain 8 Armor.",NOT_ANNOTATED,NOT_VERIFIED,,
P002,cross-card-same-patch,Wildwalker,36.4.0.250339,The Grand Tournament,DRUID,MINION,COMMON,4,4,4,,<b>Battlecry:</b> Give a friendly Beast +3 Health.,Virmen Sensei,36.4.0.250339,Mean Streets of Gadgetzan,DRUID,MINION,RARE,4,4,4,,<b>Battlecry:</b> Give a friendly Beast +3/+3.,NOT_ANNOTATED,NOT_VERIFIED,,
P003,cross-card-same-patch,Force of Nature,36.4.0.250339,Core Hidden,DRUID,SPELL,EPIC,5,,,,Summon three 2/2 Treants.,Cosmic Phenomenon,36.4.0.250339,Great Dark Beyond,DRUID,SPELL,EPIC,5,,,,"Summon three 2/3 Elementals with <b>Taunt</b>. If your board is full, give your minions +1/+1.",NOT_ANNOTATED,NOT_VERIFIED,,
P005,cross-card-same-patch,Gift of the Wild,36.4.0.250339,Legacy,DRUID,SPELL,COMMON,8,,,,Give your minions +2/+2 and <b>Taunt</b>.,Drum Circle,36.4.0.250339,Festival of Legends,DRUID,SPELL,RARE,7,,,,<b>Choose One -</b> Summon five 2/2 Treants; or Give your minions +2/+4 and <b>Taunt</b>.,NOT_ANNOTATED,NOT_VERIFIED,,
P006,cross-card-cross-patch,Lightning Bloom,23.4.0.139963,Scholomance Academy,DRUID,SPELL,COMMON,0,,,,Gain 2 Mana Crystals this turn only. <b>Overload:</b> (2),Innervate,9.0.0.20457,Basic,DRUID,SPELL,FREE,0,,,,Gain 2 Mana Crystals this turn only.,NOT_ANNOTATED,NOT_VERIFIED,,
P007,cross-card-cross-patch,Wild Growth,28.6.3.195316,Core,DRUID,SPELL,COMMON,3,,,,Gain an empty Mana Crystal.,Invigorate,36.4.0.250339,Wonders,DRUID,SPELL,RARE,2,,,,<b>Choose One -</b> Gain an empty Mana Crystal; or Draw a card.,NOT_ANNOTATED,NOT_VERIFIED,,
P008,cross-card-same-patch,Wild Growth,36.4.0.250339,Core Hidden,DRUID,SPELL,COMMON,2,,,,Gain an empty Mana Crystal.,Invigorate,36.4.0.250339,Wonders,DRUID,SPELL,RARE,2,,,,<b>Choose One -</b> Gain an empty Mana Crystal; or Draw a card.,NOT_ANNOTATED,NOT_VERIFIED,,
P009,cross-card-cross-patch,Wild Growth,28.6.3.195316,Core,DRUID,SPELL,COMMON,3,,,,Gain an empty Mana Crystal.,Jade Blossom,36.4.0.250339,Mean Streets of Gadgetzan,DRUID,SPELL,COMMON,3,,,,Summon a <b>Jade Golem</b>. Gain an empty Mana Crystal.,NOT_ANNOTATED,NOT_VERIFIED,,
P010,cross-card-same-patch,Landscaping,36.4.0.250339,The Boomsday Project,DRUID,SPELL,COMMON,3,,,,Summon two 2/2 Treants.,Plot of Sin,36.4.0.250339,Core Hidden,DRUID,SPELL,RARE,3,,,,Summon two 2/2 Treants. <b>Infuse:</b> Two 5/5 Ancients instead.,NOT_ANNOTATED,NOT_VERIFIED,,
P012,cross-card-cross-patch,Wild Growth,28.6.3.195316,Core,DRUID,SPELL,COMMON,3,,,,Gain an empty Mana Crystal.,New Heights,36.4.0.250339,Perils in Paradise,DRUID,SPELL,EPIC,3,,,,Increase your maximum Mana by 3 and gain an empty Mana Crystal.,NOT_ANNOTATED,NOT_VERIFIED,,
P013,cross-card-cross-patch,Wild Growth,28.6.3.195316,Core,DRUID,SPELL,COMMON,3,,,,Gain an empty Mana Crystal.,Pilfered Power,36.4.0.250339,Mean Streets of Gadgetzan,DRUID,SPELL,EPIC,3,,,,Gain an empty Mana Crystal for each friendly minion.,NOT_ANNOTATED,NOT_VERIFIED,,
P014,cross-card-same-patch,Reforestation,36.4.0.250339,Into the Emerald Dream,DRUID,SPELL,EPIC,2,,,,<b>Choose One -</b> Draw a spell; or Draw a minion. <i>(Hold this for turns to do both!)</i>,Raven Idol,36.4.0.250339,Core,DRUID,SPELL,COMMON,1,,,,<b>Choose One -</b> <b>Discover</b> a minion; or <b>Discover</b> a spell.,NOT_ANNOTATED,NOT_VERIFIED,,
P015,cross-card-same-patch,Ram Wrangler,36.4.0.250339,The Grand Tournament,HUNTER,MINION,RARE,5,3,3,,"<b>Battlecry:</b> If you have a Beast, summon a random Beast.",Warsong Wrangler,36.4.0.250339,Forged in the Barrens,HUNTER,MINION,EPIC,4,3,4,,<b>Battlecry:</b> <b>Discover</b> a Beast from your deck. Give all copies of it +2/+1 <i>(wherever they are)</i>.,NOT_ANNOTATED,NOT_VERIFIED,,
P016,cross-card-same-patch,Arcane Shot,36.4.0.250339,Core,HUNTER,SPELL,RARE,1,,,,Deal 2 damage.,Overwhelm,36.4.0.250339,Scholomance Academy,HUNTER,SPELL,RARE,1,,,,Deal 2 damage to a minion. Deal one more damage for each Beast you control.,NOT_ANNOTATED,NOT_VERIFIED,,
P017,cross-card-same-patch,Evolution Chamber,36.4.0.250339,Great Dark Beyond,HUNTER,SPELL,COMMON,2,,,,Give your minions +1 Attack. Give your Zerg an extra +1/+1.,Bestial Madness,36.4.0.250339,Titans,HUNTER,SPELL,RARE,2,,,,"Give +1 Attack to all minions in your hand, deck, and battlefield.",NOT_ANNOTATED,NOT_VERIFIED,,
P018,cross-card-cross-patch,Rapid Fire,22.0.2.128654,Rise of Shadows,HUNTER,SPELL,COMMON,1,,,,<b>Twinspell</b> Deal 1 damage.,On the Hunt,36.4.0.250339,Whispers of the Old Gods,HUNTER,SPELL,COMMON,1,,,,Deal 1 damage. Summon a 1/1 Mastiff.,NOT_ANNOTATED,NOT_VERIFIED,,
P019,cross-card-same-patch,Meteorologist,36.4.0.250339,The Boomsday Project,MAGE,MINION,RARE,6,3,3,,"<b>Battlecry:</b> For each card in your hand, deal 1 damage to a random enemy.",Blastmage Miner,36.4.0.250339,Wild West,MAGE,MINION,RARE,6,4,4,,"<b>Battlecry: Excavate</b> a treasure. For each card in your hand, deal 1 damage to a random enemy.",NOT_ANNOTATED,NOT_VERIFIED,,
P020,cross-card-same-patch,Snowchugger,36.4.0.250339,Goblins vs Gnomes,MAGE,MINION,COMMON,2,2,3,MECHANICAL,<b>Freeze</b> any character damaged by this minion.,Chill-o-matic,36.4.0.250339,Titans,MAGE,MINION,COMMON,2,2,3,MECHANICAL,<b>Magnetic</b> <b>Freeze</b> any character damaged by this minion.,NOT_ANNOTATED,NOT_VERIFIED,,
P021,cross-card-cross-patch,Magister's Apprentice,36.4.0.250339,March of the Lich King,MAGE,MINION,COMMON,2,3,2,,Your Arcane spells cost (1) less.,Sorcerer's Apprentice,22.0.2.128654,Classic,MAGE,MINION,COMMON,2,3,2,,Your spells cost (1) less.,NOT_ANNOTATED,NOT_VERIFIED,,
P022,cross-card-cross-patch,Seabreeze Chalice,31.0.0.210640,Perils in Paradise,MAGE,SPELL,COMMON,1,,,,Deal 2 damage randomly split among all enemies. <i>(3 Drinks left!)</i>,Arcane Missiles,2.3.0.8108,Basic,MAGE,SPELL,FREE,1,,,,Deal 3 damage randomly split among enemy characters.,NOT_ANNOTATED,NOT_VERIFIED,,
P023,cross-card-cross-patch,Seabreeze Chalice,31.0.0.210640,Perils in Paradise,MAGE,SPELL,COMMON,1,,,,Deal 2 damage randomly split among all enemies. <i>(3 Drinks left!)</i>,Arcane Missiles,36.4.0.250339,Legacy,MAGE,SPELL,FREE,1,,,,Deal 3 damage randomly split among all enemies.,NOT_ANNOTATED,NOT_VERIFIED,,
P024,cross-card-cross-patch,Flame Lance,27.0.3.183433,The Grand Tournament,MAGE,SPELL,COMMON,5,,,,Deal 8 damage to a minion.,Arcane Overflow,36.4.0.250339,United in Stormwind,MAGE,SPELL,RARE,5,,,,Deal 8 damage to an enemy minion. Summon a Remnant with stats equal to the excess damage.,NOT_ANNOTATED,NOT_VERIFIED,,
P025,cross-card-cross-patch,Flame Lance,27.0.3.183433,The Grand Tournament,MAGE,SPELL,COMMON,5,,,,Deal 8 damage to a minion.,Rolling Fireball,36.4.0.250339,Descent of Dragons,MAGE,SPELL,EPIC,5,,,,Deal 8 damage to a minion. Any excess damage continues to the left or right.,NOT_ANNOTATED,NOT_VERIFIED,,
P026,cross-card-cross-patch,Flame Lance,27.0.3.183433,The Grand Tournament,MAGE,SPELL,COMMON,5,,,,Deal 8 damage to a minion.,Sindragosa's Triumph,36.4.0.250339,Cataclysm,MAGE,SPELL,RARE,5,,,,Deal 8 damage to a minion. Reduce the Cost of a random card in your hand by the excess damage.,NOT_ANNOTATED,NOT_VERIFIED,,
P030,cross-card-same-patch,Tome of Intellect,36.4.0.250339,Legacy,MAGE,SPELL,COMMON,1,,,,Add a random Mage spell to your hand.,Spark of Life,36.4.0.250339,Into the Emerald Dream,MAGE,SPELL,RARE,1,,,,<b>Choose One - </b><b>Discover</b> a Mage spell; or <b>Discover</b> a Druid spell.,NOT_ANNOTATED,NOT_VERIFIED,,
P031,cross-card-same-patch,Chillwind Yeti,36.4.0.250339,Core Hidden,NEUTRAL,MINION,COMMON,4,4,5,,,Activated Golem,36.4.0.250339,Escape from Violet Hold,NEUTRAL,MINION,COMMON,4,4,5,,"At the end of each turn, gain <b>Reborn</b>.",NOT_ANNOTATED,NOT_VERIFIED,,
P032,cross-card-same-patch,Arcane Servant,36.4.0.250339,Rise of Shadows,NEUTRAL,MINION,COMMON,2,2,3,ELEMENTAL,,Amalgam of the Deep,36.4.0.250339,Voyage to the Sunken City,NEUTRAL,MINION,EPIC,2,2,3,ALL,<b>Battlecry:</b> Choose a friendly minion. <b>Discover</b> a minion of the same minion type.,NOT_ANNOTATED,NOT_VERIFIED,,
P033,cross-card-same-patch,River Crocolisk,36.4.0.250339,Core Hidden,NEUTRAL,MINION,COMMON,2,2,3,BEAST,,Amalgam of the Deep,36.4.0.250339,Voyage to the Sunken City,NEUTRAL,MINION,EPIC,2,2,3,ALL,<b>Battlecry:</b> Choose a friendly minion. <b>Discover</b> a minion of the same minion type.,NOT_ANNOTATED,NOT_VERIFIED,,
P034,cross-card-cross-patch,Sleepy Dragon,28.6.3.195316,Core,NEUTRAL,MINION,COMMON,9,4,12,DRAGON,<b>Taunt</b>,Amber Warden,36.4.0.250339,Across the Timeways,NEUTRAL,MINION,EPIC,8,4,12,DRAGON,<b>Taunt</b> <b>Deathrattle:</b> Summon a random minion from the past.,NOT_ANNOTATED,NOT_VERIFIED,,
P035,cross-card-same-patch,Scalerider,36.4.0.250339,Descent of Dragons,NEUTRAL,MINION,COMMON,3,3,3,,"<b>Battlecry:</b> If you're holding a Dragon, deal 2 damage.",Amber Whelp,36.4.0.250339,March of the Lich King,NEUTRAL,MINION,COMMON,3,3,3,DRAGON,"<b>Battlecry:</b> If you're holding a Dragon, deal 3 damage.",NOT_ANNOTATED,NOT_VERIFIED,,
P036,cross-card-same-patch,Silverback Patriarch,36.4.0.250339,Legacy,NEUTRAL,MINION,FREE,3,1,4,BEAST,<b>Taunt</b>,Ancient Stegodon,36.4.0.250339,The Shrouded City,NEUTRAL,MINION,COMMON,3,1,5,BEAST,"<b>Battlecry:</b> Choose to gain <b>Taunt</b>, <b>Poisonous</b>, or +1/+1.",NOT_ANNOTATED,NOT_VERIFIED,,
P037,cross-card-same-patch,Arcane Dynamo,36.4.0.250339,The Boomsday Project,NEUTRAL,MINION,RARE,6,3,4,,<b>Battlecry:</b> <b>Discover</b> a spell that costs (5) or more.,Ghost Writer,36.4.0.250339,Festival of Legends,NEUTRAL,MINION,COMMON,5,4,4,UNDEAD,<b>Battlecry:</b> <b>Discover</b> a spell. <b>Finale:</b> <b>Discover</b> another.,NOT_ANNOTATED,NOT_VERIFIED,,
P038,cross-card-same-patch,Arcane Servant,36.4.0.250339,Rise of Shadows,NEUTRAL,MINION,COMMON,2,2,3,ELEMENTAL,,Flame Revenant,36.4.0.250339,Titans,NEUTRAL,MINION,COMMON,2,2,3,ELEMENTAL,"After you summon an Elemental, give it +1/+1.",NOT_ANNOTATED,NOT_VERIFIED,,
P039,cross-card-same-patch,Archmage,36.4.0.250339,Legacy,NEUTRAL,MINION,FREE,6,4,7,,<b>Spell Damage +1</b>,Violet Warden,36.4.0.250339,Rise of Shadows,NEUTRAL,MINION,COMMON,6,4,7,,<b>Taunt</b> <b>Spell Damage +1</b>,NOT_ANNOTATED,NOT_VERIFIED,,
P040,cross-card-same-patch,Argent Squire,36.4.0.250339,Core Hidden,NEUTRAL,MINION,COMMON,1,1,1,,<b>Divine Shield</b>,Click-Clocker,36.4.0.250339,Voyage to the Sunken City,NEUTRAL,MINION,COMMON,1,1,1,MECHANICAL,<b>Divine Shield</b>. <b>Battlecry:</b> Give a random Mech in your hand +1/+1.,NOT_ANNOTATED,NOT_VERIFIED,,
P041,cross-card-same-patch,Fen Creeper,36.4.0.250339,Classic,NEUTRAL,MINION,COMMON,5,3,6,,<b>Taunt</b>,Azsharan Sentinel,36.4.0.250339,Voyage to the Sunken City,NEUTRAL,MINION,COMMON,5,5,6,,<b>Taunt</b>. <b>Deathrattle:</b> Put a 'Sunken Sentinel' on the bottom of your deck.,NOT_ANNOTATED,NOT_VERIFIED,,
P042,cross-card-same-patch,Booty Bay Bodyguard,36.4.0.250339,Legacy,NEUTRAL,MINION,FREE,5,5,4,,<b>Taunt</b>,Azsharan Sentinel,36.4.0.250339,Voyage to the Sunken City,NEUTRAL,MINION,COMMON,5,5,6,,<b>Taunt</b>. <b>Deathrattle:</b> Put a 'Sunken Sentinel' on the bottom of your deck.,NOT_ANNOTATED,NOT_VERIFIED,,
P043,cross-card-same-patch,Frostwolf Grunt,36.4.0.250339,Legacy,NEUTRAL,MINION,FREE,2,2,2,,<b>Taunt</b>,Barkshield Sentinel,36.4.0.250339,Into the Emerald Dream,NEUTRAL,MINION,COMMON,2,2,2,,"<b>Taunt</b> After you use your Hero Power, gain +2 Health.",NOT_ANNOTATED,NOT_VERIFIED,,
P044,cross-card-same-patch,Black Market Auctioneer,36.4.0.250339,Escape from Violet Hold,NEUTRAL,MINION,EPIC,9,4,4,,"<b>Prepare</b> Whenever you cast a spell, draw a card.",Gadgetzan Auctioneer,36.4.0.250339,Core Hidden,NEUTRAL,MINION,RARE,7,4,4,,"Whenever you cast a spell, draw a card.",NOT_ANNOTATED,NOT_VERIFIED,,
P045,cross-card-same-patch,Blazing Battlemage,36.4.0.250339,Descent of Dragons,NEUTRAL,MINION,COMMON,1,2,2,,,Miracle Salesman,36.4.0.250339,Wild West,NEUTRAL,MINION,COMMON,1,2,2,,<b>Deathrattle:</b> Get a <b>Tradeable</b> Snake Oil.,NOT_ANNOTATED,NOT_VERIFIED,,
P046,cross-card-same-patch,Bloodfen Raptor,36.4.0.250339,Legacy,NEUTRAL,MINION,FREE,2,3,2,BEAST,,Huge Toad,36.4.0.250339,The League of Explorers,NEUTRAL,MINION,COMMON,2,3,2,BEAST,<b>Deathrattle:</b> Deal 1 damage to a random enemy.,NOT_ANNOTATED,NOT_VERIFIED,,
P047,cross-card-same-patch,Frostwolf Grunt,36.4.0.250339,Legacy,NEUTRAL,MINION,FREE,2,2,2,,<b>Taunt</b>,Bonechewer Brawler,36.4.0.250339,Ashes of Outland,NEUTRAL,MINION,COMMON,2,2,3,,"<b>Taunt</b> Whenever this minion takes damage, gain +2 Attack.",NOT_ANNOTATED,NOT_VERIFIED,,
P048,cross-card-same-patch,Booty Bay Bodyguard,36.4.0.250339,Legacy,NEUTRAL,MINION,FREE,5,5,4,,<b>Taunt</b>,Evil Heckler,36.4.0.250339,The Grand Tournament,NEUTRAL,MINION,COMMON,4,5,4,,<b>Taunt</b>,NOT_ANNOTATED,NOT_VERIFIED,,
P049,cross-card-same-patch,Boulderfist Ogre,36.4.0.250339,Core,NEUTRAL,MINION,COMMON,6,6,7,,,Package Dealer,36.4.0.250339,Perils in Paradise,NEUTRAL,MINION,RARE,6,6,7,,"After you draw a card, 50% chance to draw another.",NOT_ANNOTATED,NOT_VERIFIED,,
P050,cross-card-same-patch,Squirming Tentacle,36.4.0.250339,Whispers of the Old Gods,NEUTRAL,MINION,COMMON,3,2,4,,<b>Taunt</b>,Bronze Gatekeeper,36.4.0.250339,The Boomsday Project,NEUTRAL,MINION,COMMON,3,2,5,MECHANICAL,<b>Magnetic</b> <b>Taunt</b>,NOT_ANNOTATED,NOT_VERIFIED,,
P051,cross-card-same-patch,Stormpike Commando,36.4.0.250339,Legacy,NEUTRAL,MINION,FREE,5,4,2,,<b>Battlecry:</b> Deal 2 damage.,Burrowing Scorpid,36.4.0.250339,Ashes of Outland,NEUTRAL,MINION,COMMON,4,5,2,BEAST,"<b>Battlecry:</b> Deal 2 damage. If that kills the target, gain <b>Stealth</b>.",NOT_ANNOTATED,NOT_VERIFIED,,
P052,cross-card-same-patch,Silvermoon Guardian,36.4.0.250339,Classic,NEUTRAL,MINION,COMMON,4,3,3,,<b>Divine Shield</b>,Candleraiser,36.4.0.250339,Festival of Legends,NEUTRAL,MINION,COMMON,4,3,3,,<b>Divine Shield</b> <b>Finale:</b> Give adjacent minions <b>Divine Shield</b>.,NOT_ANNOTATED,NOT_VERIFIED,,
P053,cross-card-same-patch,Chillwind Yeti,36.4.0.250339,Core Hidden,NEUTRAL,MINION,COMMON,4,4,5,,,Circus Amalgam,36.4.0.250339,Madness at the Darkmoon Faire,NEUTRAL,MINION,COMMON,4,4,5,ALL,<b>Taunt</b> <i>This has all minion types.</i>,NOT_ANNOTATED,NOT_VERIFIED,,
P054,cross-card-same-patch,Chillwind Yeti,36.4.0.250339,Core Hidden,NEUTRAL,MINION,COMMON,4,4,5,,,Illusory Greenwing,36.4.0.250339,Into the Emerald Dream,NEUTRAL,MINION,RARE,4,4,5,DRAGON,<b>Taunt</b>. <b>Deathrattle:</b> Shuffle two 4/5 Dragons with <b>Taunt</b> into your deck. They're <b>Summoned When Drawn</b>.,NOT_ANNOTATED,NOT_VERIFIED,,
P055,cross-card-cross-patch,Chillwind Yeti,36.4.0.250339,Core Hidden,NEUTRAL,MINION,COMMON,4,4,5,,,Ice Revenant,25.6.2.170126,Fractured in Alterac Valley,NEUTRAL,MINION,COMMON,4,4,5,ELEMENTAL,"Whenever you cast a Frost spell, gain +1/+1.",NOT_ANNOTATED,NOT_VERIFIED,,
P056,cross-card-cross-patch,Chillwind Yeti,36.4.0.250339,Core Hidden,NEUTRAL,MINION,COMMON,4,4,5,,,Gear Grubber,22.4.3.133122,Fractured in Alterac Valley,NEUTRAL,MINION,RARE,4,4,5,,"<b>Taunt</b>. If you end your turn with any unspent mana, reduce this card's Cost by (1).",NOT_ANNOTATED,NOT_VERIFIED,,
P057,cross-card-same-patch,Chillwind Yeti,36.4.0.250339,Core Hidden,NEUTRAL,MINION,COMMON,4,4,5,,,Worgen Greaser,36.4.0.250339,Mean Streets of Gadgetzan,NEUTRAL,MINION,COMMON,4,6,5,,,NOT_ANNOTATED,NOT_VERIFIED,,
P058,cross-card-same-patch,Chillwind Yeti,36.4.0.250339,Core Hidden,NEUTRAL,MINION,COMMON,4,4,5,,,Time-Lost Protodrake,36.4.0.250339,Titans,NEUTRAL,MINION,COMMON,4,4,5,DRAGON,"<b>Taunt</b> When you draw this, add a random Dragon to your hand.",NOT_ANNOTATED,NOT_VERIFIED,,
P059,cross-card-same-patch,Chillwind Yeti,36.4.0.250339,Core Hidden,NEUTRAL,MINION,COMMON,4,4,5,,,Dispossessed Soul,36.4.0.250339,Core Hidden,NEUTRAL,MINION,RARE,4,4,5,UNDEAD,"<b>Battlecry:</b> If you control a location, <b>Discover</b> a copy of a card in your deck.",NOT_ANNOTATED,NOT_VERIFIED,,
P060,cross-card-same-patch,Sen'jin Shieldmasta,36.4.0.250339,Core,NEUTRAL,MINION,COMMON,4,3,5,,<b>Taunt</b>,Circus Amalgam,36.4.0.250339,Madness at the Darkmoon Faire,NEUTRAL,MINION,COMMON,4,4,5,ALL,<b>Taunt</b> <i>This has all minion types.</i>,NOT_ANNOTATED,NOT_VERIFIED,,
P061,cross-card-same-patch,Lost Tallstrider,36.4.0.250339,Goblins vs Gnomes,NEUTRAL,MINION,COMMON,4,5,4,BEAST,,Coilfang Constrictor,36.4.0.250339,Voyage to the Sunken City,NEUTRAL,MINION,RARE,4,5,4,BEAST,<b>Battlecry:</b> Look at 3 cards in your opponent's hand and choose one. It can't be played next turn.,NOT_ANNOTATED,NOT_VERIFIED,,
P062,cross-card-same-patch,War Golem,36.4.0.250339,Legacy,NEUTRAL,MINION,FREE,7,7,7,,,Conflux Crasher,36.4.0.250339,Across the Timeways,NEUTRAL,MINION,EPIC,7,7,7,DRAGON,<b>Rewind</b> <b>Battlecry:</b> Deal 7 damage to a random enemy.,NOT_ANNOTATED,NOT_VERIFIED,,
P063,cross-card-same-patch,Lost Tallstrider,36.4.0.250339,Goblins vs Gnomes,NEUTRAL,MINION,COMMON,4,5,4,BEAST,,Crater Gator,36.4.0.250339,The Shrouded City,NEUTRAL,MINION,COMMON,4,5,4,BEAST,"<b>Battlecry:</b> Until the start of your next turn, the enemy hero can't be healed.",NOT_ANNOTATED,NOT_VERIFIED,,
P064,cross-card-same-patch,Fen Creeper,36.4.0.250339,Classic,NEUTRAL,MINION,COMMON,5,3,6,,<b>Taunt</b>,Crazed Worshipper,36.4.0.250339,Whispers of the Old Gods,NEUTRAL,MINION,EPIC,4,3,6,,"<b>Taunt</b> Whenever this minion takes damage, give your C'Thun +1/+1 <i>(wherever it is).</i>",NOT_ANNOTATED,NOT_VERIFIED,,
P065,cross-card-same-patch,Sen'jin Shieldmasta,36.4.0.250339,Core,NEUTRAL,MINION,COMMON,4,3,5,,<b>Taunt</b>,Crazed Worshipper,36.4.0.250339,Whispers of the Old Gods,NEUTRAL,MINION,EPIC,4,3,6,,"<b>Taunt</b> Whenever this minion takes damage, give your C'Thun +1/+1 <i>(wherever it is).</i>",NOT_ANNOTATED,NOT_VERIFIED,,
P066,cross-card-same-patch,Frostwolf Grunt,36.4.0.250339,Legacy,NEUTRAL,MINION,FREE,2,2,2,,<b>Taunt</b>,Crystal Welder,36.4.0.250339,Great Dark Beyond,NEUTRAL,MINION,COMMON,2,2,3,,"<b>Taunt</b> <b>Battlecry:</b> If you're building a <b>Starship</b>, gain +2/+2.",NOT_ANNOTATED,NOT_VERIFIED,,
P067,cross-card-same-patch,Scarlet Crusader,36.4.0.250339,Classic,NEUTRAL,MINION,COMMON,3,3,1,,<b>Divine Shield</b>,Darkmoon Dirigible,36.4.0.250339,Madness at the Darkmoon Faire,NEUTRAL,MINION,COMMON,3,3,2,MECHANICAL,<b>Divine Shield</b> <b>Corrupt:</b> Gain <b>Rush</b>.,NOT_ANNOTATED,NOT_VERIFIED,,
P068,cross-card-same-patch,Squirming Tentacle,36.4.0.250339,Whispers of the Old Gods,NEUTRAL,MINION,COMMON,3,2,4,,<b>Taunt</b>,Death's Head Cultist,36.4.0.250339,Forged in the Barrens,NEUTRAL,MINION,COMMON,3,2,4,QUILBOAR,<b>Taunt</b> <b>Deathrattle:</b> Restore 4 Health to your hero.,NOT_ANNOTATED,NOT_VERIFIED,,
P069,cross-card-cross-patch,Scarlet Crusader,36.4.0.250339,Classic,NEUTRAL,MINION,COMMON,3,3,1,,<b>Divine Shield</b>,Dimensional Core,31.0.0.210640,Great Dark Beyond,NEUTRAL,MINION,COMMON,3,3,2,,<b>Divine Shield</b> <b>Starship Piece</b>,NOT_ANNOTATED,NOT_VERIFIED,,
P070,cross-card-same-patch,Ironforge Rifleman,36.4.0.250339,Legacy,NEUTRAL,MINION,FREE,3,2,2,,<b>Battlecry:</b> Deal 1 damage.,Disciple of C'Thun,36.4.0.250339,Whispers of the Old Gods,NEUTRAL,MINION,RARE,3,2,2,,<b>Battlecry:</b> Deal 2 damage. Give your C'Thun +2/+2 <i>(wherever it is)</i>.,NOT_ANNOTATED,NOT_VERIFIED,,
P071,cross-card-cross-patch,Elven Archer,36.4.0.250339,Core,NEUTRAL,MINION,COMMON,1,1,1,,<b>Battlecry:</b> Deal 1 damage.,Pen Flinger,20.0.0.77662,Scholomance Academy,NEUTRAL,MINION,COMMON,1,1,1,,<b>Battlecry:</b> Deal 1 damage. <b>Spellburst:</b> Return this to your hand.,NOT_ANNOTATED,NOT_VERIFIED,,
P072,cross-card-same-patch,Frostwolf Grunt,36.4.0.250339,Legacy,NEUTRAL,MINION,FREE,2,2,2,,<b>Taunt</b>,Encumbered Pack Mule,36.4.0.250339,United in Stormwind,NEUTRAL,MINION,RARE,2,2,3,BEAST,"<b>Taunt</b> When you draw this, add a copy of it to your hand.",NOT_ANNOTATED,NOT_VERIFIED,,
P073,cross-card-same-patch,River Crocolisk,36.4.0.250339,Core Hidden,NEUTRAL,MINION,COMMON,2,2,3,BEAST,,Encumbered Pack Mule,36.4.0.250339,United in Stormwind,NEUTRAL,MINION,RARE,2,2,3,BEAST,"<b>Taunt</b> When you draw this, add a copy of it to your hand.",NOT_ANNOTATED,NOT_VERIFIED,,
P074,cross-card-same-patch,Tunneling Geomancer,36.4.0.250339,Event,NEUTRAL,MINION,EPIC,3,2,3,,<b>Prepare</b> <b>Spell Damage +1</b>,Ethereal Oracle,36.4.0.250339,Great Dark Beyond,NEUTRAL,MINION,COMMON,3,2,3,,<b>Spell Damage +1</b> <b><b>Spellburst</b>:</b> Draw 2 spells.,NOT_ANNOTATED,NOT_VERIFIED,,
P075,cross-card-same-patch,War Golem,36.4.0.250339,Legacy,NEUTRAL,MINION,FREE,7,7,7,,,Evasive Drakonid,36.4.0.250339,Descent of Dragons,NEUTRAL,MINION,COMMON,7,7,7,DRAGON,<b>Taunt</b> <b>Elusive</b>,NOT_ANNOTATED,NOT_VERIFIED,,
P076,cross-card-same-patch,Evolved Kobold,36.4.0.250339,Whispers of the Old Gods,NEUTRAL,MINION,COMMON,4,2,2,,<b>Spell Damage +2</b>,Guild Trader,36.4.0.250339,United in Stormwind,NEUTRAL,MINION,COMMON,4,3,4,,<b>Tradeable</b> <b>Spell Damage +2</b>,NOT_ANNOTATED,NOT_VERIFIED,,
P077,cross-card-same-patch,Faceless Behemoth,36.4.0.250339,Whispers of the Old Gods,NEUTRAL,MINION,COMMON,10,10,10,,,Living Monument,36.4.0.250339,Saviours of Uldum,NEUTRAL,MINION,COMMON,10,10,10,,<b>Taunt</b>,NOT_ANNOTATED,NOT_VERIFIED,,
P078,cross-card-same-patch,Faceless Lurker,36.4.0.250339,Saviours of Uldum,NEUTRAL,MINION,COMMON,5,3,3,,<b>Taunt</b> <b>Battlecry:</b> Double this minion's Health.,Soldier of the Bronze,36.4.0.250339,Across the Timeways,NEUTRAL,MINION,RARE,5,5,3,DRAGON,<b>Taunt</b> <b>Battlecry:</b> Double this minion's Health.,NOT_ANNOTATED,NOT_VERIFIED,,
P079,cross-card-cross-patch,Worgen Greaser,22.6.0.134558,Mean Streets of Gadgetzan,NEUTRAL,MINION,COMMON,4,6,3,,,Fading Memory,36.4.0.250339,Across the Timeways,NEUTRAL,MINION,COMMON,4,6,3,UNDEAD,<b>Deathrattle:</b> Get a random 5-Cost minion from the past.,NOT_ANNOTATED,NOT_VERIFIED,,
P080,cross-card-same-patch,Grook Fu Master,36.4.0.250339,Mean Streets of Gadgetzan,NEUTRAL,MINION,COMMON,5,3,5,,<b>Windfury</b>,Fantastic Firebird,36.4.0.250339,Madness at the Darkmoon Faire,NEUTRAL,MINION,COMMON,4,3,5,ELEMENTAL,<b>Windfury</b>,NOT_ANNOTATED,NOT_VERIFIED,,
P081,cross-card-same-patch,Fen Creeper,36.4.0.250339,Classic,NEUTRAL,MINION,COMMON,5,3,6,,<b>Taunt</b>,Rotten Applebaum,36.4.0.250339,Core Hidden,NEUTRAL,MINION,COMMON,5,4,6,UNDEAD,<b>Taunt</b> <b>Deathrattle:</b> Restore 6 Health to your hero.,NOT_ANNOTATED,NOT_VERIFIED,,
P082,cross-card-same-patch,Fen Creeper,36.4.0.250339,Classic,NEUTRAL,MINION,COMMON,5,3,6,,<b>Taunt</b>,Gold Road Grunt,36.4.0.250339,Forged in the Barrens,NEUTRAL,MINION,COMMON,5,3,7,,<b>Taunt</b> <b>Frenzy:</b> Gain Armor equal to the damage taken.,NOT_ANNOTATED,NOT_VERIFIED,,
P083,cross-card-same-patch,Fen Creeper,36.4.0.250339,Classic,NEUTRAL,MINION,COMMON,5,3,6,,<b>Taunt</b>,Sludge Belcher,36.4.0.250339,Curse of Naxxramas,NEUTRAL,MINION,RARE,5,3,6,UNDEAD,<b>Taunt</b> <b>Deathrattle:</b> Summon a 1/2 Slime with <b>Taunt</b>.,NOT_ANNOTATED,NOT_VERIFIED,,
P084,cross-card-same-patch,Squirming Tentacle,36.4.0.250339,Whispers of the Old Gods,NEUTRAL,MINION,COMMON,3,2,4,,<b>Taunt</b>,Festival Security,36.4.0.250339,Festival of Legends,NEUTRAL,MINION,RARE,3,2,5,,<b>Taunt</b> <b>Finale:</b> Force all enemy minions to attack this.,NOT_ANNOTATED,NOT_VERIFIED,,
P085,cross-card-same-patch,Silvermoon Guardian,36.4.0.250339,Classic,NEUTRAL,MINION,COMMON,4,3,3,,<b>Divine Shield</b>,Flutterwing Guardian,36.4.0.250339,Into the Emerald Dream,NEUTRAL,MINION,COMMON,4,4,4,,"<b><b>Taunt</b>, Divine Shield</b> <b>Battlecry:</b> <b>Imbue</b> your Hero Power.",NOT_ANNOTATED,NOT_VERIFIED,,
P086,cross-card-same-patch,Frostwolf Grunt,36.4.0.250339,Legacy,NEUTRAL,MINION,FREE,2,2,2,,<b>Taunt</b>,Priest of the Deceased,36.4.0.250339,Core Hidden,NEUTRAL,MINION,COMMON,2,2,3,,<b>Taunt</b> <b>Infuse:</b> Gain +2/+2.,NOT_ANNOTATED,NOT_VERIFIED,,
P087,cross-card-same-patch,Frostwolf Grunt,36.4.0.250339,Legacy,NEUTRAL,MINION,FREE,2,2,2,,<b>Taunt</b>,Pompous Thespian,36.4.0.250339,One Night in Karazhan,NEUTRAL,MINION,COMMON,2,3,2,,<b>Taunt</b>,NOT_ANNOTATED,NOT_VERIFIED,,
P088,cross-card-same-patch,Frostwolf Grunt,36.4.0.250339,Legacy,NEUTRAL,MINION,FREE,2,2,2,,<b>Taunt</b>,Toad of the Wilds,36.4.0.250339,Forged in the Barrens,NEUTRAL,MINION,COMMON,2,2,2,BEAST,"<b>Taunt</b> <b>Battlecry:</b> If you're holding a Nature spell, gain +2 Health.",NOT_ANNOTATED,NOT_VERIFIED,,
P089,cross-card-same-patch,Twisted Worgen,36.4.0.250339,Whispers of the Old Gods,NEUTRAL,MINION,COMMON,2,3,1,,<b>Stealth</b>,Gankster,36.4.0.250339,Fractured in Alterac Valley,NEUTRAL,MINION,COMMON,2,4,2,,"<b>Stealth</b> After your opponent plays a minion, attack it.",NOT_ANNOTATED,NOT_VERIFIED,,
P090,cross-card-same-patch,Sen'jin Shieldmasta,36.4.0.250339,Core,NEUTRAL,MINION,COMMON,4,3,5,,<b>Taunt</b>,Gear Grubber,36.4.0.250339,Fractured in Alterac Valley,NEUTRAL,MINION,RARE,4,4,5,DRAENEI,"<b>Taunt</b>. If you end your turn with any unspent Mana, reduce this card's Cost by (1).",NOT_ANNOTATED,NOT_VERIFIED,,
P091,cross-card-same-patch,Lost Tallstrider,36.4.0.250339,Goblins vs Gnomes,NEUTRAL,MINION,COMMON,4,5,4,BEAST,,Gentle Megasaur,36.4.0.250339,Journey to Un'Goro,NEUTRAL,MINION,EPIC,4,5,4,BEAST,<b>Battlecry:</b> <b>Adapt</b> your Murlocs.,NOT_ANNOTATED,NOT_VERIFIED,,
P092,cross-card-cross-patch,Giant Mastodon,27.4.2.186852,Journey to Un'Goro,NEUTRAL,MINION,COMMON,9,6,10,BEAST,<b>Taunt</b>,Meadowstrider,36.4.0.250339,Into the Emerald Dream,NEUTRAL,MINION,COMMON,8,6,11,BEAST,<b>Taunt</b>. <b>Deathrattle:</b> Put a Meadowstrider on the bottom of your deck. It costs (1).,NOT_ANNOTATED,NOT_VERIFIED,,
P093,cross-card-same-patch,River Crocolisk,36.4.0.250339,Core Hidden,NEUTRAL,MINION,COMMON,2,2,3,BEAST,,Golakka Crawler,36.4.0.250339,Journey to Un'Goro,NEUTRAL,MINION,RARE,2,2,3,BEAST,<b>Battlecry:</b> Destroy a Pirate and gain +1/+1.,NOT_ANNOTATED,NOT_VERIFIED,,
P094,cross-card-same-patch,Spider Tank,36.4.0.250339,Core Hidden,NEUTRAL,MINION,COMMON,3,3,4,MECHANICAL,,Gorillabot A-3,36.4.0.250339,Core,NEUTRAL,MINION,COMMON,3,3,4,MECHANICAL,"<b>Battlecry:</b> If you control another Mech, <b>Discover</b> a Mech.",NOT_ANNOTATED,NOT_VERIFIED,,
P095,cross-card-same-patch,Windfury Harpy,36.4.0.250339,Classic,NEUTRAL,MINION,COMMON,6,4,5,,<b>Windfury</b>,Gyrocopter,36.4.0.250339,Descent of Dragons,NEUTRAL,MINION,COMMON,6,4,5,MECHANICAL,<b>Rush</b> <b>Windfury</b>,NOT_ANNOTATED,NOT_VERIFIED,,
P096,cross-card-same-patch,Stegodon,36.4.0.250339,Journey to Un'Goro,NEUTRAL,MINION,COMMON,4,2,6,BEAST,<b>Taunt</b>,Hippogryph,36.4.0.250339,Descent of Dragons,NEUTRAL,MINION,COMMON,4,2,6,BEAST,<b>Rush</b> <b>Taunt</b>,NOT_ANNOTATED,NOT_VERIFIED,,
P097,cross-card-same-patch,Magma Rager,36.4.0.250339,Legacy,NEUTRAL,MINION,FREE,3,5,1,ELEMENTAL,,Ice Rager,36.4.0.250339,The Grand Tournament,NEUTRAL,MINION,COMMON,3,5,2,ELEMENTAL,,NOT_ANNOTATED,NOT_VERIFIED,,
P098,cross-card-same-patch,Sen'jin Shieldmasta,36.4.0.250339,Core,NEUTRAL,MINION,COMMON,4,3,5,,<b>Taunt</b>,Illusory Greenwing,36.4.0.250339,Into the Emerald Dream,NEUTRAL,MINION,RARE,4,4,5,DRAGON,<b>Taunt</b>. <b>Deathrattle:</b> Shuffle two 4/5 Dragons with <b>Taunt</b> into your deck. They're <b>Summoned When Drawn</b>.,NOT_ANNOTATED,NOT_VERIFIED,,
P099,cross-card-same-patch,Kobold Geomancer,36.4.0.250339,Core Hidden,NEUTRAL,MINION,COMMON,2,2,2,,<b>Spell Damage +1</b>,Rainbow Glowscale,36.4.0.250339,Voyage to the Sunken City,NEUTRAL,MINION,COMMON,2,2,3,NAGA,<b>Spell Damage +1</b>,NOT_ANNOTATED,NOT_VERIFIED,,
P100,cross-card-same-patch,Microtech Controller,36.4.0.250339,The Boomsday Project,NEUTRAL,MINION,COMMON,3,2,1,,<b>Battlecry:</b> Summon two 1/1 Microbots.,Living Paradox,36.4.0.250339,Across the Timeways,NEUTRAL,MINION,COMMON,3,2,1,,<b>Elusive</b> <b>Battlecry:</b> Summon two 2/1 Living Paradoxes with <b>Elusive</b>.,NOT_ANNOTATED,NOT_VERIFIED,,
P101,cross-card-same-patch,Lord of the Arena,36.4.0.250339,Legacy,NEUTRAL,MINION,FREE,6,6,5,,<b>Taunt</b>,Time Machine,36.4.0.250339,Across the Timeways,NEUTRAL,MINION,COMMON,6,6,6,MECHANICAL,<b>Taunt</b> <b>Deathrattle:</b> Get a random <b>Rewind</b> card.,NOT_ANNOTATED,NOT_VERIFIED,,
P102,cross-card-same-patch,Puddlestomper,36.4.0.250339,Goblins vs Gnomes,NEUTRAL,MINION,COMMON,2,3,2,MURLOC,,Lushwater Murcenary,36.4.0.250339,Forged in the Barrens,NEUTRAL,MINION,COMMON,2,3,2,MURLOC,"<b>Battlecry:</b> If you control a Murloc, gain +1/+1.",NOT_ANNOTATED,NOT_VERIFIED,,
P103,cross-card-same-patch,Magma Rager,36.4.0.250339,Legacy,NEUTRAL,MINION,FREE,3,5,1,ELEMENTAL,,Rock Rager,36.4.0.250339,Madness at the Darkmoon Faire,NEUTRAL,MINION,COMMON,2,5,1,ELEMENTAL,<b>Taunt</b>,NOT_ANNOTATED,NOT_VERIFIED,,
P104,cross-card-same-patch,River Crocolisk,36.4.0.250339,Core Hidden,NEUTRAL,MINION,COMMON,2,2,3,BEAST,,Manafeeder Panthara,36.4.0.250339,Scholomance Academy,NEUTRAL,MINION,COMMON,2,2,3,BEAST,"<b>Battlecry:</b> If you've used your Hero Power this turn, draw a card.",NOT_ANNOTATED,NOT_VERIFIED,,
P105,cross-card-cross-patch,River Crocolisk,36.4.0.250339,Core Hidden,NEUTRAL,MINION,COMMON,2,2,3,BEAST,,Oasis Thrasher,23.4.3.141643,Forged in the Barrens,NEUTRAL,MINION,COMMON,2,2,3,BEAST,<b>Frenzy:</b> Deal 3 damage to the enemy Hero.,NOT_ANNOTATED,NOT_VERIFIED,,
P106,cross-card-cross-patch,River Crocolisk,36.4.0.250339,Core Hidden,NEUTRAL,MINION,COMMON,2,2,3,BEAST,,Party Animal,27.2.2.185054,Festival of Legends,NEUTRAL,MINION,COMMON,2,2,3,BEAST,<b>Battlecry:</b> Give +1/+1 to a minion of each type in your hand.,NOT_ANNOTATED,NOT_VERIFIED,,
P107,cross-card-same-patch,Squirming Tentacle,36.4.0.250339,Whispers of the Old Gods,NEUTRAL,MINION,COMMON,3,2,4,,<b>Taunt</b>,Perplexing Anomaly,36.4.0.250339,Great Dark Beyond,NEUTRAL,MINION,RARE,3,2,5,ELEMENTAL,"<b>Rush</b>, <b>Taunt</b>, <b>...<b>Stealth</b>?</b>",NOT_ANNOTATED,NOT_VERIFIED,,
P108,cross-card-same-patch,Squirming Tentacle,36.4.0.250339,Whispers of the Old Gods,NEUTRAL,MINION,COMMON,3,2,4,,<b>Taunt</b>,Phantom Militia,36.4.0.250339,The Witchwood,NEUTRAL,MINION,RARE,3,2,4,UNDEAD,<b>Echo</b> <b>Taunt</b>,NOT_ANNOTATED,NOT_VERIFIED,,
P109,cross-card-same-patch,Pit Fighter,36.4.0.250339,The Grand Tournament,NEUTRAL,MINION,COMMON,5,5,6,,,Razormane Raider,36.4.0.250339,Forged in the Barrens,NEUTRAL,MINION,COMMON,5,5,6,QUILBOAR,<b>Frenzy:</b> Attack a random enemy.,NOT_ANNOTATED,NOT_VERIFIED,,
P110,cross-card-same-patch,River Crocolisk,36.4.0.250339,Core Hidden,NEUTRAL,MINION,COMMON,2,2,3,BEAST,,Plated Beetle,36.4.0.250339,Core,NEUTRAL,MINION,COMMON,2,2,3,BEAST,<b>Deathrattle:</b> Gain 3 Armor.,NOT_ANNOTATED,NOT_VERIFIED,,
P111,cross-card-same-patch,Puddlestomper,36.4.0.250339,Goblins vs Gnomes,NEUTRAL,MINION,COMMON,2,3,2,MURLOC,,Primalfin Lookout,36.4.0.250339,Journey to Un'Goro,NEUTRAL,MINION,COMMON,2,3,2,MURLOC,"<b>Battlecry:</b> If you control another Murloc, <b>Discover</b> a Murloc.",NOT_ANNOTATED,NOT_VERIFIED,,
P112,cross-card-same-patch,Tunneling Geomancer,36.4.0.250339,Event,NEUTRAL,MINION,EPIC,3,2,3,,<b>Prepare</b> <b>Spell Damage +1</b>,Rainbow Glowscale,36.4.0.250339,Voyage to the Sunken City,NEUTRAL,MINION,COMMON,2,2,3,NAGA,<b>Spell Damage +1</b>,NOT_ANNOTATED,NOT_VERIFIED,,
P113,cross-card-same-patch,Spellbreaker,36.4.0.250339,Classic,NEUTRAL,MINION,COMMON,4,4,3,,<b>Battlecry:</b> <b>Silence</b> a minion.,Royal Librarian,36.4.0.250339,Core,NEUTRAL,MINION,COMMON,4,4,4,,<b>Tradeable</b> <b>Battlecry:</b> <b>Silence</b> a minion.,NOT_ANNOTATED,NOT_VERIFIED,,
P114,cross-card-same-patch,Sen'jin Shieldmasta,36.4.0.250339,Core,NEUTRAL,MINION,COMMON,4,3,5,,<b>Taunt</b>,Saronite Tol'vir,36.4.0.250339,Titans,NEUTRAL,MINION,COMMON,4,3,5,,"<b>Taunt</b> Whenever this is attacked, draw a card.",NOT_ANNOTATED,NOT_VERIFIED,,
P115,cross-card-same-patch,Scarlet Crusader,36.4.0.250339,Classic,NEUTRAL,MINION,COMMON,3,3,1,,<b>Divine Shield</b>,Whelp of the Bronze,36.4.0.250339,Across the Timeways,NEUTRAL,MINION,COMMON,3,4,1,DRAGON,<b>Lifesteal</b> <b>Divine Shield</b>,NOT_ANNOTATED,NOT_VERIFIED,,
P116,cross-card-same-patch,Sen'jin Shieldmasta,36.4.0.250339,Core,NEUTRAL,MINION,COMMON,4,3,5,,<b>Taunt</b>,Time-Lost Protodrake,36.4.0.250339,Titans,NEUTRAL,MINION,COMMON,4,4,5,DRAGON,"<b>Taunt</b> When you draw this, add a random Dragon to your hand.",NOT_ANNOTATED,NOT_VERIFIED,,
P117,cross-card-same-patch,Squirming Tentacle,36.4.0.250339,Whispers of the Old Gods,NEUTRAL,MINION,COMMON,3,2,4,,<b>Taunt</b>,Silvermoon Sentinel,36.4.0.250339,March of the Lich King,NEUTRAL,MINION,COMMON,3,2,5,,<b>Taunt</b> <b>Manathirst:</b> Gain +2/+2 and <b>Divine Shield</b>.,NOT_ANNOTATED,NOT_VERIFIED,,
P118,cross-card-same-patch,Twisted Worgen,36.4.0.250339,Whispers of the Old Gods,NEUTRAL,MINION,COMMON,2,3,1,,<b>Stealth</b>,Sneaky Delinquent,36.4.0.250339,Scholomance Academy,NEUTRAL,MINION,COMMON,2,3,1,,<b>Stealth</b>. <b>Deathrattle:</b> Add a 3/1 Ghost with <b>Stealth</b> to your hand.,NOT_ANNOTATED,NOT_VERIFIED,,
P119,cross-card-same-patch,Twisted Worgen,36.4.0.250339,Whispers of the Old Gods,NEUTRAL,MINION,COMMON,2,3,1,,<b>Stealth</b>,Sneaky Scout,36.4.0.250339,Fractured in Alterac Valley,NEUTRAL,MINION,COMMON,2,3,2,,<b>Stealth</b> <b>Honorable Kill:</b> Your next Hero Power costs (0).,NOT_ANNOTATED,NOT_VERIFIED,,
P120,cross-card-same-patch,War Golem,36.4.0.250339,Legacy,NEUTRAL,MINION,FREE,7,7,7,,,Stormwind Champion,36.4.0.250339,Core,NEUTRAL,MINION,COMMON,7,7,7,,Your other minions have +1/+1.,NOT_ANNOTATED,NOT_VERIFIED,,
P121,cross-card-same-patch,Tauren Warrior,36.4.0.250339,Classic,NEUTRAL,MINION,COMMON,3,2,3,,<b>Taunt</b> Has +3 Attack while damaged.,Undercover Cultist,36.4.0.250339,The Shrouded City,NEUTRAL,MINION,COMMON,3,2,3,,"<b>Taunt</b>, <b>Reborn</b> Has +3 Attack while damaged.",NOT_ANNOTATED,NOT_VERIFIED,,
P122,cross-card-same-patch,Subdue,36.4.0.250339,Saviours of Uldum,PALADIN,SPELL,COMMON,2,,,,Set a minion's Attack and Health to 1.,Dark Conviction,36.4.0.250339,Core Hidden,PALADIN,SPELL,COMMON,2,,,,Set a minion's Attack and Health to 3.,NOT_ANNOTATED,NOT_VERIFIED,,
P123,cross-card-same-patch,Divine Strength,36.4.0.250339,Whispers of the Old Gods,PALADIN,SPELL,COMMON,1,,,,Give a minion +1/+2.,Sand Breath,36.4.0.250339,Descent of Dragons,PALADIN,SPELL,COMMON,1,,,,Give a minion +1/+2. Give it <b>Divine Shield</b> if you're holding a Dragon.,NOT_ANNOTATED,NOT_VERIFIED,,
P124,cross-card-cross-patch,Righteousness,36.4.0.250339,Legacy,PALADIN,SPELL,RARE,5,,,,Give your minions <b>Divine Shield</b>.,Flight Maneuvers,35.2.2.240818,Cataclysm,PALADIN,SPELL,EPIC,4,,,,<b>Shatter</b> Summon two 4/2 Drakes. Give your minions +1/+1 and <b>Divine Shield</b>.,NOT_ANNOTATED,NOT_VERIFIED,,
P125,cross-card-same-patch,Teamwork,36.4.0.250339,Cataclysm,PALADIN,SPELL,RARE,4,,,,Summon and get four Silver Hand Recruits.,Stand Against Darkness,36.4.0.250339,Core Hidden,PALADIN,SPELL,COMMON,4,,,,Summon five Silver Hand Recruits.,NOT_ANNOTATED,NOT_VERIFIED,,
P126,cross-card-same-patch,Acolyte of Agony,36.4.0.250339,Core Hidden,PRIEST,MINION,COMMON,3,3,3,UNDEAD,<b>Lifesteal</b>,Injured Attendant,36.4.0.250339,Cataclysm,PRIEST,MINION,RARE,3,3,8,UNDEAD,<b><b>Lifesteal</b> Battlecry:</b> Deal 4 damage to this minion.,NOT_ANNOTATED,NOT_VERIFIED,,
P127,cross-card-same-patch,Radiance,36.4.0.250339,Legacy,PRIEST,SPELL,FREE,1,,,,Restore 5 Health to your hero.,Binding Heal,36.4.0.250339,Journey to Un'Goro,PRIEST,SPELL,COMMON,1,,,,Restore 5 Health to a minion and your hero.,NOT_ANNOTATED,NOT_VERIFIED,,
P128,cross-card-cross-patch,Convert,27.0.3.183433,The Grand Tournament,PRIEST,SPELL,RARE,2,,,,Put a copy of an enemy minion into your hand.,Seance,36.4.0.250339,Rastakhan's Rumble,PRIEST,SPELL,COMMON,2,,,,Choose a minion. Add a copy of it to your hand.,NOT_ANNOTATED,NOT_VERIFIED,,
P129,cross-card-cross-patch,Nightshade Tea,30.0.0.204283,Perils in Paradise,PRIEST,SPELL,RARE,2,,,,Deal 3 damage to a minion. Deal 2 damage to your hero. <i>(3 Drinks left!)</i>,Holy Smite,36.4.0.250339,Core,PRIEST,SPELL,COMMON,1,,,,Deal 3 damage to a minion.,NOT_ANNOTATED,NOT_VERIFIED,,
P130,cross-card-same-patch,Seance,36.4.0.250339,Rastakhan's Rumble,PRIEST,SPELL,COMMON,2,,,,Choose a minion. Add a copy of it to your hand.,Power Chord: Synchronize,36.4.0.250339,Festival of Legends,PRIEST,SPELL,COMMON,2,,,,Choose a minion. Add a copy of it to your hand. <b>Finale:</b> Give both +1/+2.,NOT_ANNOTATED,NOT_VERIFIED,,
P131,cross-card-same-patch,Power Word: Tentacles,36.4.0.250339,Whispers of the Old Gods,PRIEST,SPELL,COMMON,5,,,,Give a minion +2/+6.,Power Infusion,36.4.0.250339,Core Hidden,PRIEST,SPELL,COMMON,4,,,,Give a minion +2/+6.,NOT_ANNOTATED,NOT_VERIFIED,,
P132,cross-card-same-patch,Psyche Split,36.4.0.250339,Ashes of Outland,PRIEST,SPELL,RARE,5,,,,Give a minion +1/+2. Summon a copy of it.,Schism,36.4.0.250339,Cataclysm,PRIEST,SPELL,RARE,4,,,,<b>Shatter</b> Give a friendly minion +2/+3 and <b>Elusive</b>. Summon a copy of it.,NOT_ANNOTATED,NOT_VERIFIED,,
P133,cross-card-same-patch,Shadow Word: Pain,36.4.0.250339,Core Hidden,PRIEST,SPELL,COMMON,2,,,,Destroy a minion with 3 or less Attack.,Twilight Influence,36.4.0.250339,Into the Emerald Dream,PRIEST,SPELL,RARE,2,,,,<b>Choose One -</b> Destroy a minion with 3 or less Attack; or Summon a random 2-Cost minion.,NOT_ANNOTATED,NOT_VERIFIED,,
P136,cross-card-cross-patch,Pilfer,14.4.4.31353,Classic,ROGUE,SPELL,COMMON,1,,,,Add a random card to your hand <i>(from your opponent's class)</i>.,Hallucination,31.2.2.213852,Journey to Un'Goro,ROGUE,SPELL,COMMON,1,,,,<b>Discover</b> a card from your opponent's class.,NOT_ANNOTATED,NOT_VERIFIED,,
P137,cross-card-cross-patch,Pilfer,14.4.4.31353,Classic,ROGUE,SPELL,COMMON,1,,,,Add a random card to your hand <i>(from your opponent's class)</i>.,Spore Hallucination,36.4.0.250339,Journey to Un'Goro,ROGUE,SPELL,COMMON,1,,,,<b>Discover</b> a card from your opponent's class.,NOT_ANNOTATED,NOT_VERIFIED,,
P138,cross-card-cross-patch,Altered Chord,26.0.2.172421,Festival of Legends,SHAMAN,SPELL,RARE,5,,,,<b>Lifesteal</b> Deal 5 damage to a minion. Costs (3) less if you're <b>Overloaded</b>.,Tidal Surge,36.4.0.250339,Core Hidden,SHAMAN,SPELL,COMMON,3,,,,<b>Lifesteal</b> Deal 5 damage to a minion.,NOT_ANNOTATED,NOT_VERIFIED,,
P139,cross-card-cross-patch,Tidal Surge,20.2.0.81706,Core,SHAMAN,SPELL,COMMON,4,,,,<b>Lifesteal</b> Deal 4 damage to a minion.,Dehydrate,36.4.0.250339,Wild West,SHAMAN,SPELL,COMMON,3,,,,<b>Lifesteal</b>. Deal 4 damage to a minion. <b>Quickdraw:</b> Costs (1).,NOT_ANNOTATED,NOT_VERIFIED,,
P140,cross-card-cross-patch,Tidal Surge,27.4.2.186852,Core Hidden,SHAMAN,SPELL,COMMON,3,,,,<b>Lifesteal</b> Deal 4 damage to a minion.,Dehydrate,36.4.0.250339,Wild West,SHAMAN,SPELL,COMMON,3,,,,<b>Lifesteal</b>. Deal 4 damage to a minion. <b>Quickdraw:</b> Costs (1).,NOT_ANNOTATED,NOT_VERIFIED,,
P141,cross-card-cross-patch,Torrent,17.2.0.47374,Ashes of Outland,SHAMAN,SPELL,RARE,5,,,,Deal 8 damage to a minion. Costs (3) less if you cast a spell last turn.,Digging Straight Down,36.4.0.250339,Wild West,SHAMAN,SPELL,COMMON,4,,,,Deal 8 damage to a minion. <b>Excavate</b> a treasure.,NOT_ANNOTATED,NOT_VERIFIED,,
P142,cross-card-cross-patch,Malted Magma,34.6.2.236529,Perils in Paradise,SHAMAN,SPELL,COMMON,2,,,,Deal 1 damage to all enemy minions. <i>(3 Drinks left!)</i>,Landslide,36.4.0.250339,Madness at the Darkmoon Faire,SHAMAN,SPELL,RARE,2,,,,"Deal 1 damage to all enemy minions. If you're <b>Overloaded</b>, deal 1 damage again.",NOT_ANNOTATED,NOT_VERIFIED,,
P143,cross-card-cross-patch,Malted Magma,34.6.2.236529,Perils in Paradise,SHAMAN,SPELL,COMMON,2,,,,Deal 1 damage to all enemy minions. <i>(3 Drinks left!)</i>,Maelstrom Portal,36.4.0.250339,Core Hidden,SHAMAN,SPELL,RARE,2,,,,Deal 1 damage to all enemy minions. Summon a random 1-Cost minion.,NOT_ANNOTATED,NOT_VERIFIED,,
P144,cross-card-same-patch,"""Health"" Drink",36.4.0.250339,Perils in Paradise,WARLOCK,SPELL,RARE,3,,,,<b>Lifesteal</b>. Deal 3 damage to a minion. <i>(3 Drinks left!)</i>,Drain Soul,36.4.0.250339,Core,WARLOCK,SPELL,COMMON,2,,,,<b>Lifesteal</b> Deal 3 damage to a minion.,NOT_ANNOTATED,NOT_VERIFIED,,
P145,cross-card-same-patch,Call of the Void,36.4.0.250339,Legacy,WARLOCK,SPELL,COMMON,1,,,,Add a random Demon to your hand.,Abduction Ray,36.4.0.250339,Great Dark Beyond,WARLOCK,SPELL,COMMON,1,,,,Get a random Demon. Reduce its Cost by (2). Repeatable this turn.,NOT_ANNOTATED,NOT_VERIFIED,,
P146,cross-card-cross-patch,Twisting Nether,28.6.3.195316,Core,WARLOCK,SPELL,EPIC,8,,,,Destroy all minions.,Annihilation,36.4.0.250339,Escape from Violet Hold,WARLOCK,SPELL,RARE,8,,,,Destroy all minions. Summon any Demons in the bottom 3 cards of your deck.,NOT_ANNOTATED,NOT_VERIFIED,,
P147,cross-card-same-patch,Call of the Void,36.4.0.250339,Legacy,WARLOCK,SPELL,COMMON,1,,,,Add a random Demon to your hand.,Demonic Studies,36.4.0.250339,Core Hidden,WARLOCK,SPELL,COMMON,1,,,,<b>Discover</b> a Demon. Your next one costs (1) less.,NOT_ANNOTATED,NOT_VERIFIED,,
P148,cross-card-cross-patch,Execute,22.6.0.134558,Core,WARRIOR,SPELL,COMMON,2,,,,Destroy a damaged enemy minion.,Blast Charge,36.4.0.250339,Wild West,WARRIOR,SPELL,RARE,2,,,,Destroy a damaged enemy minion. <b>Excavate</b> a treasure.,NOT_ANNOTATED,NOT_VERIFIED,,
P149,cross-card-same-patch,Devastate,36.4.0.250339,Rastakhan's Rumble,WARRIOR,SPELL,COMMON,1,,,,Deal 4 damage to a damaged minion.,Torch,36.4.0.250339,Cataclysm,WARRIOR,SPELL,RARE,1,,,,Deal 8 damage to a damaged minion. Return this to hand with any excess damage.,NOT_ANNOTATED,NOT_VERIFIED,,
P150,cross-card-cross-patch,I Know a Guy,27.0.3.183433,Mean Streets of Gadgetzan,WARRIOR,SPELL,COMMON,1,,,,<b>Discover</b> a <b>Taunt</b> minion.,Training Session,36.4.0.250339,March of the Lich King,WARRIOR,SPELL,RARE,1,,,,"<b>Discover</b> a <b>Taunt</b> minion. If you play it this turn, repeat this.",NOT_ANNOTATED,NOT_VERIFIED,,
P151,cross-card-same-patch,Fen Creeper,36.4.0.250339,Classic,NEUTRAL,MINION,COMMON,5,3,6,,<b>Taunt</b>,Endtime Survivor,36.4.0.250339,Across the Timeways,,MINION,COMMON,5,5,6,,"<b>Taunt</b>. <b>Battlecry:</b> If your hero took damage this turn, gain +3/+3.",NOT_ANNOTATED,NOT_VERIFIED,,
P152,cross-card-same-patch,Pit Fighter,36.4.0.250339,The Grand Tournament,NEUTRAL,MINION,COMMON,5,5,6,,,Endtime Survivor,36.4.0.250339,Across the Timeways,,MINION,COMMON,5,5,6,,"<b>Taunt</b>. <b>Battlecry:</b> If your hero took damage this turn, gain +3/+3.",NOT_ANNOTATED,NOT_VERIFIED,,
