card,event_date,patch,event_kind,change,observed_snapshot,access,refund,date_basis,source_url
Tyrantus,2021-11-16,21.8,repair,Restore targeting protection,27.4.2.186852,Owned UnGoro printing updated,No case-specific refund documented,Patch notes launch today,https://hearthstone.blizzard.com/en-us/news/23746636
Tyrantus,2023-10-17,27.6,buff,12/12 to 14/14 and add Taunt,28.6.3.195316,UnGoro changes in preparation for Twist,No case-specific refund documented,Patch notes launch today,https://hearthstone.blizzard.com/en-us/news/23989479
Tyrantus,2024-03-11,29.0,wording,Targeting protection expressed as Elusive,36.4.0.250339,UNG_852 updated; BOTA printing separately preserved,No functional nerf refund assigned,Source-history build transition plus official patch schedule,https://hearthstone.blizzard.com/en-us/news/24064735/29-0-patch-notes
The Demon Seed,2021-09-21,21.3,restriction,Stages 6/7/8 to 8/8/8; Wild ban,25.6.2.170126,Wild banned; Standard permitted,Two-week full refund for eligible copies,Notes September 20 releasing tomorrow,https://hearthstone.blizzard.com/en-gb/news/23724327/21-3
The Demon Seed,2023-04-04,26.0,restriction,All stages to 10; Wild unban,31.2.0.213490,Wild permission restored,Two-week full refund for eligible copies,Notes April 3 launching tomorrow,https://hearthstone.blizzard.com/en-us/news/23934449
The Demon Seed,2024-12-17,31.2.2,restriction,All stages 10 to 12,36.4.0.250339,Wild playable with higher requirements,Two-week full refund for eligible disenchantable copies,Dated patch notes,https://hearthstone.blizzard.com/en-us/news/24167660
Big Game Hunter,2016-04-24,5.0,restriction,Mana 3 to 5,6.2.0.15300,Classic printing changed,Limited full dust period; exact cutoff unspecified,Publication date; actual launch date not independently established,https://hearthstone.blizzard.com/en-us/news/20097359/hearthstone-patch-notes-50012574-whispers-of-the-old-gods-4-24-2016
Big Game Hunter,2021-03-25,20.0,buff,Mana 5 to 4 in EX1_005 and CORE_EX1_005,28.6.3.195316,Core available March 30; VAN_EX1_005 remains 3 Mana,No case-specific refund documented,Source-history build transition plus official patch schedule,https://news.blizzard.com/en-gb/article/23642550/20-0-patch-notes
Big Game Hunter,2024-03-11,29.0,buff,Add Tradeable,36.4.0.250339,Both EX1 and Core states updated; Core rotation March 19,Core printing not disenchantable,Adjustment sheet plus patch card-change schedule,https://hearthstone.blizzard.com/en-us/news/24064735/29-0-patch-notes
Evasive Wyrm,2024-03-11,29.0,wording,Equivalent Elusive wording at 5/3,29.0.0.195635,DRG and Core source states; Core rotation March 19,No functional nerf refund assigned,Adjustment sheet plus patch card-change schedule,https://bnetcmsus-a.akamaihd.net/cms/content_folder_media/94/94WZXNUTKAHL1707627244485.pdf
Evasive Wyrm,2025-03-18,32.0,buff,Health 3 to 4,36.4.0.250339,DRG and Core source states; Core rotation March 25,No case-specific refund documented,Adjustment sheet plus patch change schedule March 18,https://bnetcmsus-a.akamaihd.net/cms/content_entry_media/5L4LK5ASYDUL1739227664823.pdf
