pair_id,baseline_card_ids,candidate_card_ids,status,reason,baseline_status,candidate_status,candidate_craft,baseline_recovery,baseline_source,candidate_source
P001,CS2_232,GDB_855,VERIFIED_ORDINARY_RULES,Availability verified from matching wiki card IDs; historical holdings not reconstructed,REGULAR_UNCRAFTABLE,REGULAR_CRAFTABLE,100,0,https://hearthstone.wiki.gg/wiki/Ironbark_Protector?oldid=477812,https://hearthstone.wiki.gg/wiki/Star_Grazer?oldid=900983
P002,AT_040,CFM_816,VERIFIED_ORDINARY_RULES,Availability verified from matching wiki card IDs; historical holdings not reconstructed,REGULAR_CRAFTABLE,REGULAR_CRAFTABLE,100,5,https://hearthstone.wiki.gg/wiki/Wildwalker?oldid=805693,https://hearthstone.wiki.gg/wiki/Virmen_Sensei?oldid=816674
P003,CORE_EX1_571,GDB_882,BASELINE_CORE_RESERVE,Retained baseline is a reserve Core version; owned-baseline scenario not established,CORE_OR_RESERVE_NO_DUST,REGULAR_CRAFTABLE,400,0,https://hearthstone.wiki.gg/wiki/Force_of_Nature_(Core)?oldid=467617,https://hearthstone.wiki.gg/wiki/Cosmic_Phenomenon?oldid=820011
P005,EX1_183,ETC_373,VERIFIED_ORDINARY_RULES,Availability verified from matching wiki card IDs; historical holdings not reconstructed,REGULAR_CRAFTABLE,REGULAR_CRAFTABLE,100,5,https://hearthstone.wiki.gg/wiki/Gift_of_the_Wild?oldid=899954,https://hearthstone.wiki.gg/wiki/Drum_Circle?oldid=138631
P006,SCH_427,EX1_169,CANDIDATE_NOT_CRAFTABLE,Exact candidate version has no ordinary crafting route,REGULAR_CRAFTABLE,REGULAR_UNCRAFTABLE,,5,https://hearthstone.wiki.gg/wiki/Lightning_Bloom?oldid=874129,https://hearthstone.wiki.gg/wiki/Innervate?oldid=164483
P007,CORE_CS2_013,WON_014,VERIFIED_ORDINARY_RULES,Availability verified from matching wiki card IDs; historical holdings not reconstructed,CORE_OR_RESERVE_NO_DUST,REGULAR_CRAFTABLE,100,0,https://hearthstone.wiki.gg/wiki/Wild_Growth_(Core)?oldid=233088,https://hearthstone.wiki.gg/wiki/Invigorate?oldid=767253
P008,CORE_CS2_013,WON_014,BASELINE_CORE_RESERVE,Retained baseline is a reserve Core version; owned-baseline scenario not established,CORE_OR_RESERVE_NO_DUST,REGULAR_CRAFTABLE,100,0,https://hearthstone.wiki.gg/wiki/Wild_Growth_(Core)?oldid=233088,https://hearthstone.wiki.gg/wiki/Invigorate?oldid=767253
P009,CORE_CS2_013,CFM_713,VERIFIED_ORDINARY_RULES,Availability verified from matching wiki card IDs; historical holdings not reconstructed,CORE_OR_RESERVE_NO_DUST,REGULAR_CRAFTABLE,40,0,https://hearthstone.wiki.gg/wiki/Wild_Growth_(Core)?oldid=233088,https://hearthstone.wiki.gg/wiki/Jade_Blossom?oldid=911430
P010,BOT_420,CORE_REV_336,CANDIDATE_NOT_CRAFTABLE,Exact candidate version has no ordinary crafting route,REGULAR_CRAFTABLE,CORE_OR_RESERVE_NO_DUST,,5,https://hearthstone.wiki.gg/wiki/Landscaping?oldid=833846,https://hearthstone.wiki.gg/wiki/Plot_of_Sin_(Core)?oldid=818844
P012,CORE_CS2_013,VAC_949,VERIFIED_ORDINARY_RULES,Availability verified from matching wiki card IDs; historical holdings not reconstructed,CORE_OR_RESERVE_NO_DUST,REGULAR_CRAFTABLE,400,0,https://hearthstone.wiki.gg/wiki/Wild_Growth_(Core)?oldid=233088,https://hearthstone.wiki.gg/wiki/New_Heights?oldid=806047
P013,CORE_CS2_013,CFM_616,VERIFIED_ORDINARY_RULES,Availability verified from matching wiki card IDs; historical holdings not reconstructed,CORE_OR_RESERVE_NO_DUST,REGULAR_CRAFTABLE,400,0,https://hearthstone.wiki.gg/wiki/Wild_Growth_(Core)?oldid=233088,https://hearthstone.wiki.gg/wiki/Pilfered_Power?oldid=816675
P014,EDR_843,Core_LOE_115,CANDIDATE_NOT_CRAFTABLE,Exact candidate version has no ordinary crafting route,REGULAR_CRAFTABLE,CORE_OR_RESERVE_NO_DUST,,100,https://hearthstone.wiki.gg/wiki/Reforestation?oldid=839948,https://hearthstone.wiki.gg/wiki/Raven_Idol_(Core)?oldid=889137
P015,AT_010,BAR_037,VERIFIED_ORDINARY_RULES,Availability verified from matching wiki card IDs; historical holdings not reconstructed,REGULAR_CRAFTABLE,REGULAR_CRAFTABLE,400,20,https://hearthstone.wiki.gg/wiki/Ram_Wrangler?oldid=904954,https://hearthstone.wiki.gg/wiki/Warsong_Wrangler?oldid=507592
P016,CORE_DS1_185,SCH_604,VERIFIED_ORDINARY_RULES,Availability verified from matching wiki card IDs; historical holdings not reconstructed,CORE_OR_RESERVE_NO_DUST,REGULAR_CRAFTABLE,100,0,https://hearthstone.wiki.gg/wiki/Arcane_Shot_(Core)?oldid=888951,https://hearthstone.wiki.gg/wiki/Overwhelm?oldid=389211
P017,SC_021,YOG_505,VERIFIED_ORDINARY_RULES,Availability verified from matching wiki card IDs; historical holdings not reconstructed,REGULAR_CRAFTABLE,REGULAR_CRAFTABLE,100,5,https://hearthstone.wiki.gg/wiki/Evolution_Chamber?oldid=834383,https://hearthstone.wiki.gg/wiki/Bestial_Madness?oldid=791883
P018,DAL_373,OG_061,VERIFIED_ORDINARY_RULES,Availability verified from matching wiki card IDs; historical holdings not reconstructed,REGULAR_CRAFTABLE,REGULAR_CRAFTABLE,40,5,https://hearthstone.wiki.gg/wiki/Rapid_Fire?oldid=846564,https://hearthstone.wiki.gg/wiki/On_the_Hunt?oldid=810801
P019,BOT_601,WW_426,VERIFIED_ORDINARY_RULES,Availability verified from matching wiki card IDs; historical holdings not reconstructed,REGULAR_CRAFTABLE,REGULAR_CRAFTABLE,100,20,https://hearthstone.wiki.gg/wiki/Meteorologist?oldid=833877,https://hearthstone.wiki.gg/wiki/Blastmage_Miner?oldid=841247
P020,GVG_002,TTN_077,VERIFIED_ORDINARY_RULES,Availability verified from matching wiki card IDs; historical holdings not reconstructed,REGULAR_CRAFTABLE,REGULAR_CRAFTABLE,40,5,https://hearthstone.wiki.gg/wiki/Snowchugger?oldid=767322,https://hearthstone.wiki.gg/wiki/Chill-o-matic?oldid=540779
P021,RLK_543,EX1_608,VERIFIED_ORDINARY_RULES,Availability verified from matching wiki card IDs; historical holdings not reconstructed,REGULAR_CRAFTABLE,REGULAR_CRAFTABLE,40,5,https://hearthstone.wiki.gg/wiki/Magister%27s_Apprentice,https://hearthstone.wiki.gg/wiki/Sorcerer%27s_Apprentice
P022,VAC_520,EX1_277,CANDIDATE_NOT_CRAFTABLE,Exact candidate version has no ordinary crafting route,REGULAR_CRAFTABLE,REGULAR_UNCRAFTABLE,,5,https://hearthstone.wiki.gg/wiki/Seabreeze_Chalice?oldid=803826,https://hearthstone.wiki.gg/wiki/Arcane_Missiles?oldid=439244
P023,VAC_520,EX1_277,CANDIDATE_NOT_CRAFTABLE,Exact candidate version has no ordinary crafting route,REGULAR_CRAFTABLE,REGULAR_UNCRAFTABLE,,5,https://hearthstone.wiki.gg/wiki/Seabreeze_Chalice?oldid=803826,https://hearthstone.wiki.gg/wiki/Arcane_Missiles?oldid=439244
P024,AT_001,DED_517,VERIFIED_ORDINARY_RULES,Availability verified from matching wiki card IDs; historical holdings not reconstructed,REGULAR_CRAFTABLE,REGULAR_CRAFTABLE,100,5,https://hearthstone.wiki.gg/wiki/Flame_Lance?oldid=805726,https://hearthstone.wiki.gg/wiki/Arcane_Overflow?oldid=277042
P025,AT_001,DRG_321,VERIFIED_ORDINARY_RULES,Availability verified from matching wiki card IDs; historical holdings not reconstructed,REGULAR_CRAFTABLE,REGULAR_CRAFTABLE,400,5,https://hearthstone.wiki.gg/wiki/Flame_Lance?oldid=805726,https://hearthstone.wiki.gg/wiki/Rolling_Fireball?oldid=908837
P026,AT_001,CATA_978,VERIFIED_ORDINARY_RULES,Availability verified from matching wiki card IDs; historical holdings not reconstructed,REGULAR_CRAFTABLE,REGULAR_CRAFTABLE,100,5,https://hearthstone.wiki.gg/wiki/Flame_Lance?oldid=805726,https://hearthstone.wiki.gg/wiki/Sindragosa%27s_Triumph
P030,EX1_180,EDR_872,VERIFIED_ORDINARY_RULES,Availability verified from matching wiki card IDs; historical holdings not reconstructed,REGULAR_CRAFTABLE,REGULAR_CRAFTABLE,100,5,https://hearthstone.wiki.gg/wiki/Tome_of_Intellect?oldid=113884,https://hearthstone.wiki.gg/wiki/Spark_of_Life?oldid=841148
P031,CORE_CS2_182,JAIL_883,BASELINE_CORE_RESERVE,Retained baseline is a reserve Core version; owned-baseline scenario not established,CORE_OR_RESERVE_NO_DUST,REGULAR_CRAFTABLE,40,0,https://hearthstone.wiki.gg/wiki/Chillwind_Yeti_(Core)?oldid=451201,https://hearthstone.wiki.gg/wiki/Activated_Golem?oldid=911979
P032,DAL_092,TSC_069,VERIFIED_ORDINARY_RULES,Availability verified from matching wiki card IDs; historical holdings not reconstructed,REGULAR_CRAFTABLE,REGULAR_CRAFTABLE,400,5,https://hearthstone.wiki.gg/wiki/Arcane_Servant?oldid=846474,https://hearthstone.wiki.gg/wiki/Amalgam_of_the_Deep?oldid=340096
P033,CORE_CS2_120,TSC_069,BASELINE_CORE_RESERVE,Retained baseline is a reserve Core version; owned-baseline scenario not established,CORE_OR_RESERVE_NO_DUST,REGULAR_CRAFTABLE,400,0,https://hearthstone.wiki.gg/wiki/River_Crocolisk_(Core)?oldid=474269,https://hearthstone.wiki.gg/wiki/Amalgam_of_the_Deep?oldid=340096
P034,CORE_LOOT_137,TIME_052,VERIFIED_ORDINARY_RULES,Availability verified from matching wiki card IDs; historical holdings not reconstructed,CORE_OR_RESERVE_NO_DUST,REGULAR_CRAFTABLE,400,0,https://hearthstone.wiki.gg/wiki/Sleepy_Dragon_(Core)?oldid=889009,https://hearthstone.wiki.gg/wiki/Amber_Warden?oldid=891035
P035,DRG_081,RLK_915,VERIFIED_ORDINARY_RULES,Availability verified from matching wiki card IDs; historical holdings not reconstructed,REGULAR_CRAFTABLE,REGULAR_CRAFTABLE,40,5,https://hearthstone.wiki.gg/wiki/Scalerider?oldid=908765,https://hearthstone.wiki.gg/wiki/Amber_Whelp?oldid=333206
P036,CS2_127,TLC_242,VERIFIED_ORDINARY_RULES,Availability verified from matching wiki card IDs; historical holdings not reconstructed,REGULAR_UNCRAFTABLE,REGULAR_CRAFTABLE,40,0,https://hearthstone.wiki.gg/wiki/Silverback_Patriarch?oldid=900471,https://hearthstone.wiki.gg/wiki/Ancient_Stegodon?oldid=903996
P037,BOT_539,ETC_088,VERIFIED_ORDINARY_RULES,Availability verified from matching wiki card IDs; historical holdings not reconstructed,REGULAR_CRAFTABLE,REGULAR_CRAFTABLE,40,20,https://hearthstone.wiki.gg/wiki/Arcane_Dynamo?oldid=908748,https://hearthstone.wiki.gg/wiki/Ghost_Writer?oldid=791879
P038,DAL_092,TTN_479,VERIFIED_ORDINARY_RULES,Availability verified from matching wiki card IDs; historical holdings not reconstructed,REGULAR_CRAFTABLE,REGULAR_CRAFTABLE,40,5,https://hearthstone.wiki.gg/wiki/Arcane_Servant?oldid=846474,https://hearthstone.wiki.gg/wiki/Flame_Revenant?oldid=766913
P039,CS2_155,DAL_096,VERIFIED_ORDINARY_RULES,Availability verified from matching wiki card IDs; historical holdings not reconstructed,REGULAR_UNCRAFTABLE,REGULAR_CRAFTABLE,40,0,https://hearthstone.wiki.gg/wiki/Archmage?oldid=359469,https://hearthstone.wiki.gg/wiki/Violet_Warden?oldid=846491
P040,CORE_EX1_008,TSC_632,BASELINE_CORE_RESERVE,Retained baseline is a reserve Core version; owned-baseline scenario not established,CORE_OR_RESERVE_NO_DUST,REGULAR_CRAFTABLE,40,0,https://hearthstone.wiki.gg/wiki/Argent_Squire_(Core)?oldid=88604,https://hearthstone.wiki.gg/wiki/Click-Clocker?oldid=922108
P041,CS1_069,TSC_919,VERIFIED_ORDINARY_RULES,Availability verified from matching wiki card IDs; historical holdings not reconstructed,REGULAR_CRAFTABLE,REGULAR_CRAFTABLE,40,5,https://hearthstone.wiki.gg/wiki/Fen_Creeper?oldid=887709,https://hearthstone.wiki.gg/wiki/Azsharan_Sentinel?oldid=501849
P042,CS2_187,TSC_919,VERIFIED_ORDINARY_RULES,Availability verified from matching wiki card IDs; historical holdings not reconstructed,REGULAR_UNCRAFTABLE,REGULAR_CRAFTABLE,40,0,https://hearthstone.wiki.gg/wiki/Booty_Bay_Bodyguard?oldid=514610,https://hearthstone.wiki.gg/wiki/Azsharan_Sentinel?oldid=501849
P043,CS2_121,EDR_470,VERIFIED_ORDINARY_RULES,Availability verified from matching wiki card IDs; historical holdings not reconstructed,REGULAR_UNCRAFTABLE,REGULAR_CRAFTABLE,40,0,https://hearthstone.wiki.gg/wiki/Frostwolf_Grunt?oldid=791020,https://hearthstone.wiki.gg/wiki/Barkshield_Sentinel?oldid=839244
P044,JAIL_718,CORE_EX1_095,CANDIDATE_NOT_CRAFTABLE,Exact candidate version has no ordinary crafting route,REGULAR_CRAFTABLE,CORE_OR_RESERVE_NO_DUST,,100,https://hearthstone.wiki.gg/wiki/Black_Market_Auctioneer?oldid=911351,https://hearthstone.wiki.gg/wiki/Gadgetzan_Auctioneer_(Core)?oldid=21963
P045,DRG_239,WW_331,VERIFIED_ORDINARY_RULES,Availability verified from matching wiki card IDs; historical holdings not reconstructed,REGULAR_CRAFTABLE,REGULAR_CRAFTABLE,40,5,https://hearthstone.wiki.gg/wiki/Blazing_Battlemage?oldid=908757,https://hearthstone.wiki.gg/wiki/Miracle_Salesman?oldid=778897
P046,CS2_172,LOE_046,VERIFIED_ORDINARY_RULES,Availability verified from matching wiki card IDs; historical holdings not reconstructed,REGULAR_UNCRAFTABLE,REGULAR_CRAFTABLE,40,0,https://hearthstone.wiki.gg/wiki/Bloodfen_Raptor?oldid=903856,https://hearthstone.wiki.gg/wiki/Huge_Toad?oldid=806300
P047,CS2_121,BT_715,VERIFIED_ORDINARY_RULES,Availability verified from matching wiki card IDs; historical holdings not reconstructed,REGULAR_UNCRAFTABLE,REGULAR_CRAFTABLE,40,0,https://hearthstone.wiki.gg/wiki/Frostwolf_Grunt?oldid=791020,https://hearthstone.wiki.gg/wiki/Bonechewer_Brawler?oldid=926221
P048,CS2_187,AT_114,VERIFIED_ORDINARY_RULES,Availability verified from matching wiki card IDs; historical holdings not reconstructed,REGULAR_UNCRAFTABLE,REGULAR_CRAFTABLE,40,0,https://hearthstone.wiki.gg/wiki/Booty_Bay_Bodyguard?oldid=514610,https://hearthstone.wiki.gg/wiki/Evil_Heckler?oldid=805614
P049,Core_CS2_200,VAC_441,VERIFIED_ORDINARY_RULES,Availability verified from matching wiki card IDs; historical holdings not reconstructed,CORE_OR_RESERVE_NO_DUST,REGULAR_CRAFTABLE,100,0,https://hearthstone.wiki.gg/wiki/Boulderfist_Ogre_(Core)?oldid=889136,https://hearthstone.wiki.gg/wiki/Package_Dealer?oldid=873765
P050,OG_327,BOT_021,VERIFIED_ORDINARY_RULES,Availability verified from matching wiki card IDs; historical holdings not reconstructed,REGULAR_CRAFTABLE,REGULAR_CRAFTABLE,40,5,https://hearthstone.wiki.gg/wiki/Squirming_Tentacle?oldid=922315,https://hearthstone.wiki.gg/wiki/Bronze_Gatekeeper?oldid=833799
P051,CS2_150,BT_717,VERIFIED_ORDINARY_RULES,Availability verified from matching wiki card IDs; historical holdings not reconstructed,REGULAR_UNCRAFTABLE,REGULAR_CRAFTABLE,40,0,https://hearthstone.wiki.gg/wiki/Stormpike_Commando?oldid=778636,https://hearthstone.wiki.gg/wiki/Burrowing_Scorpid?oldid=926228
P052,EX1_023,ETC_543,VERIFIED_ORDINARY_RULES,Availability verified from matching wiki card IDs; historical holdings not reconstructed,REGULAR_CRAFTABLE,REGULAR_CRAFTABLE,40,5,https://hearthstone.wiki.gg/wiki/Silvermoon_Guardian?oldid=778618,https://hearthstone.wiki.gg/wiki/Candleraiser?oldid=827133
P053,CORE_CS2_182,DMF_532,BASELINE_CORE_RESERVE,Retained baseline is a reserve Core version; owned-baseline scenario not established,CORE_OR_RESERVE_NO_DUST,REGULAR_CRAFTABLE,40,0,https://hearthstone.wiki.gg/wiki/Chillwind_Yeti_(Core)?oldid=451201,https://hearthstone.wiki.gg/wiki/Circus_Amalgam?oldid=365773
P054,CORE_CS2_182,EDR_260,BASELINE_CORE_RESERVE,Retained baseline is a reserve Core version; owned-baseline scenario not established,CORE_OR_RESERVE_NO_DUST,REGULAR_CRAFTABLE,100,0,https://hearthstone.wiki.gg/wiki/Chillwind_Yeti_(Core)?oldid=451201,https://hearthstone.wiki.gg/wiki/Illusory_Greenwing?oldid=839795
P055,CORE_CS2_182,AV_127,BASELINE_CORE_RESERVE,Retained baseline is a reserve Core version; owned-baseline scenario not established,CORE_OR_RESERVE_NO_DUST,REGULAR_CRAFTABLE,40,0,https://hearthstone.wiki.gg/wiki/Chillwind_Yeti_(Core)?oldid=451201,https://hearthstone.wiki.gg/wiki/Ice_Revenant?oldid=11554
P056,CORE_CS2_182,ONY_002,BASELINE_CORE_RESERVE,Retained baseline is a reserve Core version; owned-baseline scenario not established,CORE_OR_RESERVE_NO_DUST,REGULAR_CRAFTABLE,100,0,https://hearthstone.wiki.gg/wiki/Chillwind_Yeti_(Core)?oldid=451201,https://hearthstone.wiki.gg/wiki/Gear_Grubber?oldid=137982
P057,CORE_CS2_182,CFM_665,BASELINE_CORE_RESERVE,Retained baseline is a reserve Core version; owned-baseline scenario not established,CORE_OR_RESERVE_NO_DUST,REGULAR_CRAFTABLE,40,0,https://hearthstone.wiki.gg/wiki/Chillwind_Yeti_(Core)?oldid=451201,https://hearthstone.wiki.gg/wiki/Worgen_Greaser?oldid=816628
P058,CORE_CS2_182,TTN_715,BASELINE_CORE_RESERVE,Retained baseline is a reserve Core version; owned-baseline scenario not established,CORE_OR_RESERVE_NO_DUST,REGULAR_CRAFTABLE,40,0,https://hearthstone.wiki.gg/wiki/Chillwind_Yeti_(Core)?oldid=451201,https://hearthstone.wiki.gg/wiki/Time-Lost_Protodrake?oldid=827279
P059,CORE_CS2_182,CORE_REV_901,CANDIDATE_NOT_CRAFTABLE,Exact candidate version has no ordinary crafting route,CORE_OR_RESERVE_NO_DUST,CORE_OR_RESERVE_NO_DUST,,0,https://hearthstone.wiki.gg/wiki/Chillwind_Yeti_(Core)?oldid=451201,https://hearthstone.wiki.gg/wiki/Dispossessed_Soul_(Core)?oldid=818899
P060,CORE_CS2_179,DMF_532,VERIFIED_ORDINARY_RULES,Availability verified from matching wiki card IDs; historical holdings not reconstructed,CORE_OR_RESERVE_NO_DUST,REGULAR_CRAFTABLE,40,0,https://hearthstone.wiki.gg/wiki/Sen%27jin_Shieldmasta_(Core),https://hearthstone.wiki.gg/wiki/Circus_Amalgam?oldid=365773
P061,GVG_071,TID_744,VERIFIED_ORDINARY_RULES,Availability verified from matching wiki card IDs; historical holdings not reconstructed,REGULAR_CRAFTABLE,REGULAR_CRAFTABLE,100,5,https://hearthstone.wiki.gg/wiki/Lost_Tallstrider?oldid=767114,https://hearthstone.wiki.gg/wiki/Coilfang_Constrictor?oldid=904901
P062,CS2_186,TIME_004,VERIFIED_ORDINARY_RULES,Availability verified from matching wiki card IDs; historical holdings not reconstructed,REGULAR_UNCRAFTABLE,REGULAR_CRAFTABLE,400,0,https://hearthstone.wiki.gg/wiki/War_Golem?oldid=233593,https://hearthstone.wiki.gg/wiki/Conflux_Crasher?oldid=870927
P063,GVG_071,TLC_250,VERIFIED_ORDINARY_RULES,Availability verified from matching wiki card IDs; historical holdings not reconstructed,REGULAR_CRAFTABLE,REGULAR_CRAFTABLE,40,5,https://hearthstone.wiki.gg/wiki/Lost_Tallstrider?oldid=767114,https://hearthstone.wiki.gg/wiki/Crater_Gator?oldid=900816
P064,CS1_069,OG_321,VERIFIED_ORDINARY_RULES,Availability verified from matching wiki card IDs; historical holdings not reconstructed,REGULAR_CRAFTABLE,REGULAR_CRAFTABLE,400,5,https://hearthstone.wiki.gg/wiki/Fen_Creeper?oldid=887709,https://hearthstone.wiki.gg/wiki/Crazed_Worshipper?oldid=810464
P065,CORE_CS2_179,OG_321,VERIFIED_ORDINARY_RULES,Availability verified from matching wiki card IDs; historical holdings not reconstructed,CORE_OR_RESERVE_NO_DUST,REGULAR_CRAFTABLE,400,0,https://hearthstone.wiki.gg/wiki/Sen%27jin_Shieldmasta_(Core),https://hearthstone.wiki.gg/wiki/Crazed_Worshipper?oldid=810464
P066,CS2_121,GDB_130,VERIFIED_ORDINARY_RULES,Availability verified from matching wiki card IDs; historical holdings not reconstructed,REGULAR_UNCRAFTABLE,REGULAR_CRAFTABLE,40,0,https://hearthstone.wiki.gg/wiki/Frostwolf_Grunt?oldid=791020,https://hearthstone.wiki.gg/wiki/Crystal_Welder?oldid=819276
P067,EX1_020,DMF_073,VERIFIED_ORDINARY_RULES,Availability verified from matching wiki card IDs; historical holdings not reconstructed,REGULAR_CRAFTABLE,REGULAR_CRAFTABLE,40,5,https://hearthstone.wiki.gg/wiki/Scarlet_Crusader?oldid=145664,https://hearthstone.wiki.gg/wiki/Darkmoon_Dirigible?oldid=436018
P068,OG_327,BAR_026,VERIFIED_ORDINARY_RULES,Availability verified from matching wiki card IDs; historical holdings not reconstructed,REGULAR_CRAFTABLE,REGULAR_CRAFTABLE,40,5,https://hearthstone.wiki.gg/wiki/Squirming_Tentacle?oldid=922315,https://hearthstone.wiki.gg/wiki/Death%27s_Head_Cultist
P069,EX1_020,GDB_101,VERIFIED_ORDINARY_RULES,Availability verified from matching wiki card IDs; historical holdings not reconstructed,REGULAR_CRAFTABLE,REGULAR_CRAFTABLE,40,5,https://hearthstone.wiki.gg/wiki/Scarlet_Crusader?oldid=145664,https://hearthstone.wiki.gg/wiki/Dimensional_Core?oldid=819103
P070,CS2_141,OG_162,VERIFIED_ORDINARY_RULES,Availability verified from matching wiki card IDs; historical holdings not reconstructed,REGULAR_UNCRAFTABLE,REGULAR_CRAFTABLE,100,0,https://hearthstone.wiki.gg/wiki/Ironforge_Rifleman?oldid=791016,https://hearthstone.wiki.gg/wiki/Disciple_of_C%27Thun
P071,CORE_CS2_189,SCH_248,VERIFIED_ORDINARY_RULES,Availability verified from matching wiki card IDs; historical holdings not reconstructed,CORE_OR_RESERVE_NO_DUST,REGULAR_CRAFTABLE,40,0,https://hearthstone.wiki.gg/wiki/Elven_Archer_(Core)?oldid=888976,https://hearthstone.wiki.gg/wiki/Pen_Flinger?oldid=794510
P072,CS2_121,SW_306,VERIFIED_ORDINARY_RULES,Availability verified from matching wiki card IDs; historical holdings not reconstructed,REGULAR_UNCRAFTABLE,REGULAR_CRAFTABLE,100,0,https://hearthstone.wiki.gg/wiki/Frostwolf_Grunt?oldid=791020,https://hearthstone.wiki.gg/wiki/Encumbered_Pack_Mule?oldid=340950
P073,CORE_CS2_120,SW_306,BASELINE_CORE_RESERVE,Retained baseline is a reserve Core version; owned-baseline scenario not established,CORE_OR_RESERVE_NO_DUST,REGULAR_CRAFTABLE,100,0,https://hearthstone.wiki.gg/wiki/River_Crocolisk_(Core)?oldid=474269,https://hearthstone.wiki.gg/wiki/Encumbered_Pack_Mule?oldid=340950
P074,CATA_EVENT_401,GDB_310,UNRESOLVED,Unresolved card-level acquisition evidence,REGULAR_UNCRAFTABLE_RECOVERY_UNRESOLVED,REGULAR_CRAFTABLE,40,,https://hearthstone.wiki.gg/wiki/Tunneling_Geomancer?oldid=922422,https://hearthstone.wiki.gg/wiki/Ethereal_Oracle?oldid=826038
P075,CS2_186,DRG_310,VERIFIED_ORDINARY_RULES,Availability verified from matching wiki card IDs; historical holdings not reconstructed,REGULAR_UNCRAFTABLE,REGULAR_CRAFTABLE,40,0,https://hearthstone.wiki.gg/wiki/War_Golem?oldid=233593,https://hearthstone.wiki.gg/wiki/Evasive_Drakonid?oldid=908778
P076,OG_082,SW_061,VERIFIED_ORDINARY_RULES,Availability verified from matching wiki card IDs; historical holdings not reconstructed,REGULAR_CRAFTABLE,REGULAR_CRAFTABLE,40,5,https://hearthstone.wiki.gg/wiki/Evolved_Kobold?oldid=922352,https://hearthstone.wiki.gg/wiki/Guild_Trader?oldid=10681
P077,OG_141,ULD_193,VERIFIED_ORDINARY_RULES,Availability verified from matching wiki card IDs; historical holdings not reconstructed,REGULAR_CRAFTABLE,REGULAR_CRAFTABLE,40,5,https://hearthstone.wiki.gg/wiki/Faceless_Behemoth?oldid=810448,https://hearthstone.wiki.gg/wiki/Living_Monument?oldid=863842
P078,ULD_189,TIME_720,VERIFIED_ORDINARY_RULES,Availability verified from matching wiki card IDs; historical holdings not reconstructed,REGULAR_CRAFTABLE,REGULAR_CRAFTABLE,100,5,https://hearthstone.wiki.gg/wiki/Faceless_Lurker?oldid=863836,https://hearthstone.wiki.gg/wiki/Soldier_of_the_Bronze?oldid=891036
P079,CFM_665,TIME_040,VERIFIED_ORDINARY_RULES,Availability verified from matching wiki card IDs; historical holdings not reconstructed,REGULAR_CRAFTABLE,REGULAR_CRAFTABLE,40,5,https://hearthstone.wiki.gg/wiki/Worgen_Greaser?oldid=816628,https://hearthstone.wiki.gg/wiki/Fading_Memory?oldid=874990
P080,CFM_666,DMF_190,VERIFIED_ORDINARY_RULES,Availability verified from matching wiki card IDs; historical holdings not reconstructed,REGULAR_CRAFTABLE,REGULAR_CRAFTABLE,40,5,https://hearthstone.wiki.gg/wiki/Grook_Fu_Master?oldid=816629,https://hearthstone.wiki.gg/wiki/Fantastic_Firebird?oldid=905489
P081,CS1_069,CORE_GIL_667,CANDIDATE_NOT_CRAFTABLE,Exact candidate version has no ordinary crafting route,REGULAR_CRAFTABLE,CORE_OR_RESERVE_NO_DUST,,5,https://hearthstone.wiki.gg/wiki/Fen_Creeper?oldid=887709,https://hearthstone.wiki.gg/wiki/Rotten_Applebaum_(Core)?oldid=598363
P082,CS1_069,BAR_021,VERIFIED_ORDINARY_RULES,Availability verified from matching wiki card IDs; historical holdings not reconstructed,REGULAR_CRAFTABLE,REGULAR_CRAFTABLE,40,5,https://hearthstone.wiki.gg/wiki/Fen_Creeper?oldid=887709,https://hearthstone.wiki.gg/wiki/Gold_Road_Grunt?oldid=779190
P083,CS1_069,FP1_012,VERIFIED_ORDINARY_RULES,Availability verified from matching wiki card IDs; historical holdings not reconstructed,REGULAR_CRAFTABLE,REGULAR_CRAFTABLE,100,5,https://hearthstone.wiki.gg/wiki/Fen_Creeper?oldid=887709,https://hearthstone.wiki.gg/wiki/Sludge_Belcher?oldid=754771
P084,OG_327,ETC_542,VERIFIED_ORDINARY_RULES,Availability verified from matching wiki card IDs; historical holdings not reconstructed,REGULAR_CRAFTABLE,REGULAR_CRAFTABLE,100,5,https://hearthstone.wiki.gg/wiki/Squirming_Tentacle?oldid=922315,https://hearthstone.wiki.gg/wiki/Festival_Security?oldid=381943
P085,EX1_023,EDR_800,VERIFIED_ORDINARY_RULES,Availability verified from matching wiki card IDs; historical holdings not reconstructed,REGULAR_CRAFTABLE,REGULAR_CRAFTABLE,40,5,https://hearthstone.wiki.gg/wiki/Silvermoon_Guardian?oldid=778618,https://hearthstone.wiki.gg/wiki/Flutterwing_Guardian?oldid=908742
P086,CS2_121,CORE_REV_956,CANDIDATE_NOT_CRAFTABLE,Exact candidate version has no ordinary crafting route,REGULAR_UNCRAFTABLE,CORE_OR_RESERVE_NO_DUST,,0,https://hearthstone.wiki.gg/wiki/Frostwolf_Grunt?oldid=791020,https://hearthstone.wiki.gg/wiki/Priest_of_the_Deceased_(Core)?oldid=818928
P087,CS2_121,KAR_011,VERIFIED_ORDINARY_RULES,Availability verified from matching wiki card IDs; historical holdings not reconstructed,REGULAR_UNCRAFTABLE,REGULAR_CRAFTABLE,40,0,https://hearthstone.wiki.gg/wiki/Frostwolf_Grunt?oldid=791020,https://hearthstone.wiki.gg/wiki/Pompous_Thespian?oldid=859784
P088,CS2_121,BAR_743,VERIFIED_ORDINARY_RULES,Availability verified from matching wiki card IDs; historical holdings not reconstructed,REGULAR_UNCRAFTABLE,REGULAR_CRAFTABLE,40,0,https://hearthstone.wiki.gg/wiki/Frostwolf_Grunt?oldid=791020,https://hearthstone.wiki.gg/wiki/Toad_of_the_Wilds?oldid=176923
P089,OG_247,AV_238,VERIFIED_ORDINARY_RULES,Availability verified from matching wiki card IDs; historical holdings not reconstructed,REGULAR_CRAFTABLE,REGULAR_CRAFTABLE,40,5,https://hearthstone.wiki.gg/wiki/Twisted_Worgen?oldid=922398,https://hearthstone.wiki.gg/wiki/Gankster?oldid=779375
P090,CORE_CS2_179,ONY_002,VERIFIED_ORDINARY_RULES,Availability verified from matching wiki card IDs; historical holdings not reconstructed,CORE_OR_RESERVE_NO_DUST,REGULAR_CRAFTABLE,100,0,https://hearthstone.wiki.gg/wiki/Sen%27jin_Shieldmasta_(Core),https://hearthstone.wiki.gg/wiki/Gear_Grubber?oldid=137982
P091,GVG_071,UNG_089,VERIFIED_ORDINARY_RULES,Availability verified from matching wiki card IDs; historical holdings not reconstructed,REGULAR_CRAFTABLE,REGULAR_CRAFTABLE,400,5,https://hearthstone.wiki.gg/wiki/Lost_Tallstrider?oldid=767114,https://hearthstone.wiki.gg/wiki/Gentle_Megasaur?oldid=816917
P092,UNG_071,EDR_978,VERIFIED_ORDINARY_RULES,Availability verified from matching wiki card IDs; historical holdings not reconstructed,REGULAR_CRAFTABLE,REGULAR_CRAFTABLE,40,5,https://hearthstone.wiki.gg/wiki/Giant_Mastodon?oldid=816901,https://hearthstone.wiki.gg/wiki/Meadowstrider?oldid=839985
P093,CORE_CS2_120,UNG_807,BASELINE_CORE_RESERVE,Retained baseline is a reserve Core version; owned-baseline scenario not established,CORE_OR_RESERVE_NO_DUST,REGULAR_CRAFTABLE,100,0,https://hearthstone.wiki.gg/wiki/River_Crocolisk_(Core)?oldid=474269,https://hearthstone.wiki.gg/wiki/Golakka_Crawler?oldid=816903
P094,CORE_GVG_044,CORE_LOE_039,CANDIDATE_NOT_CRAFTABLE,Exact candidate version has no ordinary crafting route,CORE_OR_RESERVE_NO_DUST,CORE_OR_RESERVE_NO_DUST,,0,https://hearthstone.wiki.gg/wiki/Spider_Tank_(Core)?oldid=461018,https://hearthstone.wiki.gg/wiki/Gorillabot_A-3_(Core)?oldid=889008
P095,EX1_033,DRG_061,VERIFIED_ORDINARY_RULES,Availability verified from matching wiki card IDs; historical holdings not reconstructed,REGULAR_CRAFTABLE,REGULAR_CRAFTABLE,40,5,https://hearthstone.wiki.gg/wiki/Windfury_Harpy?oldid=107568,https://hearthstone.wiki.gg/wiki/Gyrocopter?oldid=908777
P096,UNG_810,DRG_065,VERIFIED_ORDINARY_RULES,Availability verified from matching wiki card IDs; historical holdings not reconstructed,REGULAR_CRAFTABLE,REGULAR_CRAFTABLE,40,5,https://hearthstone.wiki.gg/wiki/Stegodon?oldid=904000,https://hearthstone.wiki.gg/wiki/Hippogryph?oldid=908768
P097,CS2_118,AT_092,VERIFIED_ORDINARY_RULES,Availability verified from matching wiki card IDs; historical holdings not reconstructed,REGULAR_UNCRAFTABLE,REGULAR_CRAFTABLE,40,0,https://hearthstone.wiki.gg/wiki/Magma_Rager?oldid=909117,https://hearthstone.wiki.gg/wiki/Ice_Rager?oldid=805611
P098,CORE_CS2_179,EDR_260,VERIFIED_ORDINARY_RULES,Availability verified from matching wiki card IDs; historical holdings not reconstructed,CORE_OR_RESERVE_NO_DUST,REGULAR_CRAFTABLE,100,0,https://hearthstone.wiki.gg/wiki/Sen%27jin_Shieldmasta_(Core),https://hearthstone.wiki.gg/wiki/Illusory_Greenwing?oldid=839795
P099,CORE_CS2_142,TSC_053,BASELINE_CORE_RESERVE,Retained baseline is a reserve Core version; owned-baseline scenario not established,CORE_OR_RESERVE_NO_DUST,REGULAR_CRAFTABLE,40,0,https://hearthstone.wiki.gg/wiki/Kobold_Geomancer_(Core)?oldid=840959,https://hearthstone.wiki.gg/wiki/Rainbow_Glowscale?oldid=772485
P100,BOT_535,TIME_059,VERIFIED_ORDINARY_RULES,Availability verified from matching wiki card IDs; historical holdings not reconstructed,REGULAR_CRAFTABLE,REGULAR_CRAFTABLE,40,5,https://hearthstone.wiki.gg/wiki/Microtech_Controller?oldid=833802,https://hearthstone.wiki.gg/wiki/Living_Paradox?oldid=871032
P101,CS2_162,TIME_035,VERIFIED_ORDINARY_RULES,Availability verified from matching wiki card IDs; historical holdings not reconstructed,REGULAR_UNCRAFTABLE,REGULAR_CRAFTABLE,40,0,https://hearthstone.wiki.gg/wiki/Lord_of_the_Arena?oldid=568808,https://hearthstone.wiki.gg/wiki/Time_Machine?oldid=885309
P102,GVG_064,BAR_062,VERIFIED_ORDINARY_RULES,Availability verified from matching wiki card IDs; historical holdings not reconstructed,REGULAR_CRAFTABLE,REGULAR_CRAFTABLE,40,5,https://hearthstone.wiki.gg/wiki/Puddlestomper?oldid=767099,https://hearthstone.wiki.gg/wiki/Lushwater_Murcenary?oldid=607826
P103,CS2_118,DMF_044,VERIFIED_ORDINARY_RULES,Availability verified from matching wiki card IDs; historical holdings not reconstructed,REGULAR_UNCRAFTABLE,REGULAR_CRAFTABLE,40,0,https://hearthstone.wiki.gg/wiki/Magma_Rager?oldid=909117,https://hearthstone.wiki.gg/wiki/Rock_Rager?oldid=22335
P104,CORE_CS2_120,SCH_283,BASELINE_CORE_RESERVE,Retained baseline is a reserve Core version; owned-baseline scenario not established,CORE_OR_RESERVE_NO_DUST,REGULAR_CRAFTABLE,40,0,https://hearthstone.wiki.gg/wiki/River_Crocolisk_(Core)?oldid=474269,https://hearthstone.wiki.gg/wiki/Manafeeder_Panthara?oldid=899811
P105,CORE_CS2_120,BAR_024,BASELINE_CORE_RESERVE,Retained baseline is a reserve Core version; owned-baseline scenario not established,CORE_OR_RESERVE_NO_DUST,REGULAR_CRAFTABLE,40,0,https://hearthstone.wiki.gg/wiki/River_Crocolisk_(Core)?oldid=474269,https://hearthstone.wiki.gg/wiki/Oasis_Thrasher?oldid=900814
P106,CORE_CS2_120,ETC_350,BASELINE_CORE_RESERVE,Retained baseline is a reserve Core version; owned-baseline scenario not established,CORE_OR_RESERVE_NO_DUST,REGULAR_CRAFTABLE,40,0,https://hearthstone.wiki.gg/wiki/River_Crocolisk_(Core)?oldid=474269,https://hearthstone.wiki.gg/wiki/Party_Animal?oldid=900682
P107,OG_327,GDB_343,VERIFIED_ORDINARY_RULES,Availability verified from matching wiki card IDs; historical holdings not reconstructed,REGULAR_CRAFTABLE,REGULAR_CRAFTABLE,100,5,https://hearthstone.wiki.gg/wiki/Squirming_Tentacle?oldid=922315,https://hearthstone.wiki.gg/wiki/Perplexing_Anomaly?oldid=819105
P108,OG_327,GIL_207,VERIFIED_ORDINARY_RULES,Availability verified from matching wiki card IDs; historical holdings not reconstructed,REGULAR_CRAFTABLE,REGULAR_CRAFTABLE,100,5,https://hearthstone.wiki.gg/wiki/Squirming_Tentacle?oldid=922315,https://hearthstone.wiki.gg/wiki/Phantom_Militia?oldid=831533
P109,AT_101,BAR_020,VERIFIED_ORDINARY_RULES,Availability verified from matching wiki card IDs; historical holdings not reconstructed,REGULAR_CRAFTABLE,REGULAR_CRAFTABLE,40,5,https://hearthstone.wiki.gg/wiki/Pit_Fighter?oldid=805622,https://hearthstone.wiki.gg/wiki/Razormane_Raider?oldid=378194
P110,CORE_CS2_120,CORE_LOOT_413,CANDIDATE_NOT_CRAFTABLE,Exact candidate version has no ordinary crafting route,CORE_OR_RESERVE_NO_DUST,CORE_OR_RESERVE_NO_DUST,,0,https://hearthstone.wiki.gg/wiki/River_Crocolisk_(Core)?oldid=474269,https://hearthstone.wiki.gg/wiki/Plated_Beetle_(Core)?oldid=889010
P111,GVG_064,UNG_937,VERIFIED_ORDINARY_RULES,Availability verified from matching wiki card IDs; historical holdings not reconstructed,REGULAR_CRAFTABLE,REGULAR_CRAFTABLE,40,5,https://hearthstone.wiki.gg/wiki/Puddlestomper?oldid=767099,https://hearthstone.wiki.gg/wiki/Primalfin_Lookout?oldid=816884
P112,CATA_EVENT_401,TSC_053,UNRESOLVED,Unresolved card-level acquisition evidence,REGULAR_UNCRAFTABLE_RECOVERY_UNRESOLVED,REGULAR_CRAFTABLE,40,,https://hearthstone.wiki.gg/wiki/Tunneling_Geomancer?oldid=922422,https://hearthstone.wiki.gg/wiki/Rainbow_Glowscale?oldid=772485
P113,EX1_048,CORE_SW_066,CANDIDATE_NOT_CRAFTABLE,Exact candidate version has no ordinary crafting route,REGULAR_CRAFTABLE,CORE_OR_RESERVE_NO_DUST,,5,https://hearthstone.wiki.gg/wiki/Spellbreaker?oldid=791018,https://hearthstone.wiki.gg/wiki/Royal_Librarian_(Core)?oldid=889020
P114,CORE_CS2_179,TTN_711,VERIFIED_ORDINARY_RULES,Availability verified from matching wiki card IDs; historical holdings not reconstructed,CORE_OR_RESERVE_NO_DUST,REGULAR_CRAFTABLE,40,0,https://hearthstone.wiki.gg/wiki/Sen%27jin_Shieldmasta_(Core),https://hearthstone.wiki.gg/wiki/Saronite_Tol%27vir
P115,EX1_020,TIME_056,VERIFIED_ORDINARY_RULES,Availability verified from matching wiki card IDs; historical holdings not reconstructed,REGULAR_CRAFTABLE,REGULAR_CRAFTABLE,40,5,https://hearthstone.wiki.gg/wiki/Scarlet_Crusader?oldid=145664,https://hearthstone.wiki.gg/wiki/Whelp_of_the_Bronze?oldid=907180
P116,CORE_CS2_179,TTN_715,VERIFIED_ORDINARY_RULES,Availability verified from matching wiki card IDs; historical holdings not reconstructed,CORE_OR_RESERVE_NO_DUST,REGULAR_CRAFTABLE,40,0,https://hearthstone.wiki.gg/wiki/Sen%27jin_Shieldmasta_(Core),https://hearthstone.wiki.gg/wiki/Time-Lost_Protodrake?oldid=827279
P117,OG_327,RLK_518,VERIFIED_ORDINARY_RULES,Availability verified from matching wiki card IDs; historical holdings not reconstructed,REGULAR_CRAFTABLE,REGULAR_CRAFTABLE,40,5,https://hearthstone.wiki.gg/wiki/Squirming_Tentacle?oldid=922315,https://hearthstone.wiki.gg/wiki/Silvermoon_Sentinel?oldid=485924
P118,OG_247,SCH_708,VERIFIED_ORDINARY_RULES,Availability verified from matching wiki card IDs; historical holdings not reconstructed,REGULAR_CRAFTABLE,REGULAR_CRAFTABLE,40,5,https://hearthstone.wiki.gg/wiki/Twisted_Worgen?oldid=922398,https://hearthstone.wiki.gg/wiki/Sneaky_Delinquent?oldid=540759
P119,OG_247,AV_123,VERIFIED_ORDINARY_RULES,Availability verified from matching wiki card IDs; historical holdings not reconstructed,REGULAR_CRAFTABLE,REGULAR_CRAFTABLE,40,5,https://hearthstone.wiki.gg/wiki/Twisted_Worgen?oldid=922398,https://hearthstone.wiki.gg/wiki/Sneaky_Scout?oldid=794526
P120,CS2_186,CORE_CS2_222,CANDIDATE_NOT_CRAFTABLE,Exact candidate version has no ordinary crafting route,REGULAR_UNCRAFTABLE,CORE_OR_RESERVE_NO_DUST,,0,https://hearthstone.wiki.gg/wiki/War_Golem?oldid=233593,https://hearthstone.wiki.gg/wiki/Stormwind_Champion_(Core)?oldid=888977
P121,EX1_390,TLC_101,VERIFIED_ORDINARY_RULES,Availability verified from matching wiki card IDs; historical holdings not reconstructed,REGULAR_CRAFTABLE,REGULAR_CRAFTABLE,40,5,https://hearthstone.wiki.gg/wiki/Tauren_Warrior?oldid=891373,https://hearthstone.wiki.gg/wiki/Undercover_Cultist?oldid=859782
P122,ULD_728,CORE_ICC_039,CANDIDATE_NOT_CRAFTABLE,Exact candidate version has no ordinary crafting route,REGULAR_CRAFTABLE,CORE_OR_RESERVE_NO_DUST,,5,https://hearthstone.wiki.gg/wiki/Subdue?oldid=864057,https://hearthstone.wiki.gg/wiki/Dark_Conviction_(Core)?oldid=879349
P123,OG_223,DRG_233,VERIFIED_ORDINARY_RULES,Availability verified from matching wiki card IDs; historical holdings not reconstructed,REGULAR_CRAFTABLE,REGULAR_CRAFTABLE,40,5,https://hearthstone.wiki.gg/wiki/Divine_Strength?oldid=810823,https://hearthstone.wiki.gg/wiki/Sand_Breath?oldid=908861
P124,EX1_184,CATA_479,VERIFIED_ORDINARY_RULES,Availability verified from matching wiki card IDs; historical holdings not reconstructed,REGULAR_CRAFTABLE,REGULAR_CRAFTABLE,400,20,https://hearthstone.wiki.gg/wiki/Righteousness?oldid=459262,https://hearthstone.wiki.gg/wiki/Flight_Maneuvers?oldid=890523
P125,MEND_900,CORE_OG_273,CANDIDATE_NOT_CRAFTABLE,Exact candidate version has no ordinary crafting route,REGULAR_CRAFTABLE,CORE_OR_RESERVE_NO_DUST,,20,https://hearthstone.wiki.gg/wiki/Teamwork?oldid=908261,https://hearthstone.wiki.gg/wiki/Stand_Against_Darkness_(Core)?oldid=786491
P126,CORE_ICC_212,CATA_304,BASELINE_CORE_RESERVE,Retained baseline is a reserve Core version; owned-baseline scenario not established,CORE_OR_RESERVE_NO_DUST,REGULAR_CRAFTABLE,100,0,https://hearthstone.wiki.gg/wiki/Acolyte_of_Agony_(Core)?oldid=879326,https://hearthstone.wiki.gg/wiki/Injured_Attendant?oldid=913305
P127,EX1_192,UNG_030,VERIFIED_ORDINARY_RULES,Availability verified from matching wiki card IDs; historical holdings not reconstructed,REGULAR_UNCRAFTABLE,REGULAR_CRAFTABLE,40,0,https://hearthstone.wiki.gg/wiki/Radiance?oldid=909123,https://hearthstone.wiki.gg/wiki/Binding_Heal?oldid=899403
P128,AT_015,TRL_097,VERIFIED_ORDINARY_RULES,Availability verified from matching wiki card IDs; historical holdings not reconstructed,REGULAR_CRAFTABLE,REGULAR_CRAFTABLE,40,20,https://hearthstone.wiki.gg/wiki/Convert?oldid=805862,https://hearthstone.wiki.gg/wiki/Seance?oldid=837352
P129,VAC_404,CORE_CS1_130,CANDIDATE_NOT_CRAFTABLE,Exact candidate version has no ordinary crafting route,REGULAR_CRAFTABLE,CORE_OR_RESERVE_NO_DUST,,20,https://hearthstone.wiki.gg/wiki/Nightshade_Tea?oldid=805774,https://hearthstone.wiki.gg/wiki/Holy_Smite_(Core)?oldid=889052
P130,TRL_097,ETC_338,VERIFIED_ORDINARY_RULES,Availability verified from matching wiki card IDs; historical holdings not reconstructed,REGULAR_CRAFTABLE,REGULAR_CRAFTABLE,40,5,https://hearthstone.wiki.gg/wiki/Seance?oldid=837352,https://hearthstone.wiki.gg/wiki/Power_Chord:_Synchronize?oldid=125013
P131,OG_094,CORE_EX1_194,CANDIDATE_NOT_CRAFTABLE,Exact candidate version has no ordinary crafting route,REGULAR_CRAFTABLE,CORE_OR_RESERVE_NO_DUST,,5,https://hearthstone.wiki.gg/wiki/Power_Word:_Tentacles?oldid=922322,https://hearthstone.wiki.gg/wiki/Power_Infusion_(Core)?oldid=278704
P132,BT_253,CATA_306,VERIFIED_ORDINARY_RULES,Availability verified from matching wiki card IDs; historical holdings not reconstructed,REGULAR_CRAFTABLE,REGULAR_CRAFTABLE,100,20,https://hearthstone.wiki.gg/wiki/Psyche_Split?oldid=926355,https://hearthstone.wiki.gg/wiki/Schism?oldid=921827
P133,CORE_CS2_234,EDR_463,BASELINE_CORE_RESERVE,Retained baseline is a reserve Core version; owned-baseline scenario not established,CORE_OR_RESERVE_NO_DUST,REGULAR_CRAFTABLE,100,0,https://hearthstone.wiki.gg/wiki/Shadow_Word:_Pain_(Core)?oldid=783387,https://hearthstone.wiki.gg/wiki/Twilight_Influence?oldid=841359
P136,EX1_182,UNG_856,VERIFIED_ORDINARY_RULES,Availability verified from matching wiki card IDs; historical holdings not reconstructed,REGULAR_CRAFTABLE,REGULAR_CRAFTABLE,40,5,https://hearthstone.wiki.gg/wiki/Pilfer?oldid=867834,https://hearthstone.wiki.gg/wiki/Spore_Hallucination?oldid=841727
P137,EX1_182,UNG_856,VERIFIED_ORDINARY_RULES,Availability verified from matching wiki card IDs; historical holdings not reconstructed,REGULAR_CRAFTABLE,REGULAR_CRAFTABLE,40,5,https://hearthstone.wiki.gg/wiki/Pilfer?oldid=867834,https://hearthstone.wiki.gg/wiki/Spore_Hallucination?oldid=841727
P138,ETC_356,CORE_UNG_817,CANDIDATE_NOT_CRAFTABLE,Exact candidate version has no ordinary crafting route,REGULAR_CRAFTABLE,CORE_OR_RESERVE_NO_DUST,,20,https://hearthstone.wiki.gg/wiki/Altered_Chord?oldid=64158,https://hearthstone.wiki.gg/wiki/Tidal_Surge_(Core)?oldid=341222
P139,CORE_UNG_817,WW_325,VERIFIED_ORDINARY_RULES,Availability verified from matching wiki card IDs; historical holdings not reconstructed,CORE_OR_RESERVE_NO_DUST,REGULAR_CRAFTABLE,40,0,https://hearthstone.wiki.gg/wiki/Tidal_Surge_(Core)?oldid=341222,https://hearthstone.wiki.gg/wiki/Dehydrate?oldid=762931
P140,CORE_UNG_817,WW_325,BASELINE_CORE_RESERVE,Retained baseline is a reserve Core version; owned-baseline scenario not established,CORE_OR_RESERVE_NO_DUST,REGULAR_CRAFTABLE,40,0,https://hearthstone.wiki.gg/wiki/Tidal_Surge_(Core)?oldid=341222,https://hearthstone.wiki.gg/wiki/Dehydrate?oldid=762931
P141,BT_110,DEEP_009,VERIFIED_ORDINARY_RULES,Availability verified from matching wiki card IDs; historical holdings not reconstructed,REGULAR_CRAFTABLE,REGULAR_CRAFTABLE,40,20,https://hearthstone.wiki.gg/wiki/Torrent?oldid=926378,https://hearthstone.wiki.gg/wiki/Digging_Straight_Down?oldid=862846
P142,VAC_323,YOP_023,VERIFIED_ORDINARY_RULES,Availability verified from matching wiki card IDs; historical holdings not reconstructed,REGULAR_CRAFTABLE,REGULAR_CRAFTABLE,100,5,https://hearthstone.wiki.gg/wiki/Malted_Magma?oldid=801546,https://hearthstone.wiki.gg/wiki/Landslide?oldid=106495
P143,VAC_323,CORE_KAR_073,CANDIDATE_NOT_CRAFTABLE,Exact candidate version has no ordinary crafting route,REGULAR_CRAFTABLE,CORE_OR_RESERVE_NO_DUST,,5,https://hearthstone.wiki.gg/wiki/Malted_Magma?oldid=801546,https://hearthstone.wiki.gg/wiki/Maelstrom_Portal_(Core)?oldid=574418
P144,VAC_951,CORE_ICC_055,CANDIDATE_NOT_CRAFTABLE,Exact candidate version has no ordinary crafting route,REGULAR_CRAFTABLE,CORE_OR_RESERVE_NO_DUST,,20,https://hearthstone.wiki.gg/wiki/%22Health%22_Drink,https://hearthstone.wiki.gg/wiki/Drain_Soul_(Core)?oldid=889094
P145,EX1_181,GDB_123,VERIFIED_ORDINARY_RULES,Availability verified from matching wiki card IDs; historical holdings not reconstructed,REGULAR_CRAFTABLE,REGULAR_CRAFTABLE,40,5,https://hearthstone.wiki.gg/wiki/Call_of_the_Void?oldid=1757,https://hearthstone.wiki.gg/wiki/Abduction_Ray?oldid=891008
P146,CORE_EX1_312,JAIL_510,VERIFIED_ORDINARY_RULES,Availability verified from matching wiki card IDs; historical holdings not reconstructed,CORE_OR_RESERVE_NO_DUST,REGULAR_CRAFTABLE,100,0,https://hearthstone.wiki.gg/wiki/Twisting_Nether_(Core)?oldid=889091,https://hearthstone.wiki.gg/wiki/Annihilation?oldid=912674
P147,EX1_181,CORE_SCH_158,CANDIDATE_NOT_CRAFTABLE,Exact candidate version has no ordinary crafting route,REGULAR_CRAFTABLE,CORE_OR_RESERVE_NO_DUST,,5,https://hearthstone.wiki.gg/wiki/Call_of_the_Void?oldid=1757,https://hearthstone.wiki.gg/wiki/Demonic_Studies_(Core)?oldid=841079
P148,CORE_CS2_108,WW_380,VERIFIED_ORDINARY_RULES,Availability verified from matching wiki card IDs; historical holdings not reconstructed,CORE_OR_RESERVE_NO_DUST,REGULAR_CRAFTABLE,100,0,https://hearthstone.wiki.gg/wiki/Execute_(Core)?oldid=889102,https://hearthstone.wiki.gg/wiki/Blast_Charge?oldid=906658
P149,TRL_321,CATA_585,VERIFIED_ORDINARY_RULES,Availability verified from matching wiki card IDs; historical holdings not reconstructed,REGULAR_CRAFTABLE,REGULAR_CRAFTABLE,100,5,https://hearthstone.wiki.gg/wiki/Devastate?oldid=837400,https://hearthstone.wiki.gg/wiki/Torch?oldid=892793
P150,CFM_940,NX2_029,VERIFIED_ORDINARY_RULES,Availability verified from matching wiki card IDs; historical holdings not reconstructed,REGULAR_CRAFTABLE,REGULAR_CRAFTABLE,100,5,https://hearthstone.wiki.gg/wiki/I_Know_a_Guy?oldid=816789,https://hearthstone.wiki.gg/wiki/Training_Session?oldid=766698
P151,CS1_069,END_019,VERIFIED_ORDINARY_RULES,Availability verified from matching wiki card IDs; historical holdings not reconstructed,REGULAR_CRAFTABLE,REGULAR_CRAFTABLE,40,5,https://hearthstone.wiki.gg/wiki/Fen_Creeper?oldid=887709,https://hearthstone.wiki.gg/wiki/Endtime_Survivor?oldid=886604
P152,AT_101,END_019,VERIFIED_ORDINARY_RULES,Availability verified from matching wiki card IDs; historical holdings not reconstructed,REGULAR_CRAFTABLE,REGULAR_CRAFTABLE,40,5,https://hearthstone.wiki.gg/wiki/Pit_Fighter?oldid=805622,https://hearthstone.wiki.gg/wiki/Endtime_Survivor?oldid=886604
